AAA,64
AAC,50
AAD,64
AAE,64
AAF,64
AAG,64
AAH,64
AAI,64
AAK,64
AAL,64
AAM,64
AAN,64
AAP,64
AAQ,64
AAR,64
AAS,64
AAT,64
AAV,64
AAW,64
AAY,64
ACA,63
ACC,38
ACD,63
ACE,62
ACF,52
ACG,64
ACH,62
ACI,60
ACK,62
ACL,64
ACM,45
ACN,62
ACP,64
ACQ,63
ACR,64
ACS,64
ACT,64
ACV,56
ACW,56
ACY,60
ADA,64
ADC,28
ADD,64
ADE,64
ADF,64
ADG,64
ADH,64
ADI,64
ADK,64
ADL,64
ADM,64
ADN,64
ADP,64
ADQ,64
ADR,64
ADS,64
ADT,64
ADV,64
ADW,64
ADY,64
AEA,64
AEC,34
AED,64
AEE,64
AEF,64
AEG,64
AEH,64
AEI,64
AEK,64
AEL,64
AEM,64
AEN,64
AEP,64
AEQ,64
AER,64
AES,64
AET,64
AEV,64
AEW,64
AEY,64
AFA,64
AFC,32
AFD,64
AFE,64
AFF,64
AFG,64
AFH,64
AFI,63
AFK,64
AFL,64
AFM,64
AFN,64
AFP,64
AFQ,64
AFR,64
AFS,64
AFT,64
AFV,64
AFW,64
AFY,64
AGA,64
AGC,63
AGD,64
AGE,64
AGF,64
AGG,64
AGH,64
AGI,64
AGK,64
AGL,64
AGM,64
AGN,64
AGP,64
AGQ,64
AGR,64
AGS,64
AGT,64
AGV,64
AGW,64
AGY,64
AHA,64
AHC,20
AHD,64
AHE,64
AHF,64
AHG,64
AHH,64
AHI,64
AHK,64
AHL,64
AHM,59
AHN,64
AHP,64
AHQ,64
AHR,64
AHS,64
AHT,64
AHV,64
AHW,63
AHY,64
AIA,64
AIC,53
AID,64
AIE,64
AIF,64
AIG,64
AIH,64
AII,64
AIK,64
AIL,64
AIM,64
AIN,64
AIP,64
AIQ,64
AIR,64
AIS,64
AIT,64
AIV,64
AIW,64
AIY,64
AKA,64
AKC,21
AKD,64
AKE,64
AKF,64
AKG,64
AKH,64
AKI,64
AKK,64
AKL,64
AKM,64
AKN,64
AKP,64
AKQ,64
AKR,64
AKS,64
AKT,64
AKV,64
AKW,63
AKY,64
ALA,64
ALC,46
ALD,64
ALE,64
ALF,64
ALG,64
ALH,64
ALI,64
ALK,64
ALL,64
ALM,64
ALN,64
ALP,64
ALQ,64
ALR,64
ALS,64
ALT,64
ALV,64
ALW,64
ALY,64
AMA,64
AMC,7
AMD,64
AME,64
AMF,62
AMG,64
AMH,59
AMI,63
AMK,63
AML,64
AMM,52
AMN,64
AMP,64
AMQ,64
AMR,64
AMS,64
AMT,64
AMV,64
AMW,60
AMY,64
ANA,64
ANC,32
AND,64
ANE,64
ANF,64
ANG,64
ANH,64
ANI,64
ANK,64
ANL,64
ANM,61
ANN,64
ANP,64
ANQ,64
ANR,64
ANS,64
ANT,64
ANV,64
ANW,64
ANY,64
APA,64
APC,52
APD,64
APE,64
APF,64
APG,64
APH,64
API,64
APK,64
APL,64
APM,64
APN,64
APP,64
APQ,64
APR,64
APS,64
APT,64
APV,64
APW,64
APY,64
AQA,64
AQC,17
AQD,64
AQE,64
AQF,64
AQG,64
AQH,64
AQI,64
AQK,64
AQL,64
AQM,64
AQN,64
AQP,64
AQQ,64
AQR,64
AQS,64
AQT,64
AQV,64
AQW,64
AQY,64
ARA,64
ARC,59
ARD,64
ARE,64
ARF,64
ARG,64
ARH,64
ARI,64
ARK,64
ARL,64
ARM,64
ARN,64
ARP,64
ARQ,64
ARR,64
ARS,64
ART,64
ARV,64
ARW,64
ARY,64
ASA,64
ASC,64
ASD,64
ASE,64
ASF,64
ASG,64
ASH,64
ASI,64
ASK,64
ASL,64
ASM,64
ASN,64
ASP,64
ASQ,64
ASR,64
ASS,64
AST,64
ASV,64
ASW,64
ASY,64
ATA,64
ATC,64
ATD,64
ATE,64
ATF,64
ATG,64
ATH,64
ATI,64
ATK,64
ATL,64
ATM,64
ATN,64
ATP,64
ATQ,64
ATR,64
ATS,64
ATT,64
ATV,64
ATW,64
ATY,64
AVA,64
AVC,44
AVD,64
AVE,64
AVF,64
AVG,64
AVH,64
AVI,64
AVK,64
AVL,64
AVM,64
AVN,64
AVP,64
AVQ,64
AVR,64
AVS,64
AVT,64
AVV,64
AVW,64
AVY,64
AWA,64
AWC,59
AWD,64
AWE,64
AWF,63
AWG,64
AWH,63
AWI,64
AWK,64
AWL,64
AWM,63
AWN,64
AWP,64
AWQ,64
AWR,64
AWS,64
AWT,64
AWV,64
AWW,64
AWY,64
AYA,64
AYC,22
AYD,64
AYE,64
AYF,64
AYG,64
AYH,64
AYI,64
AYK,64
AYL,64
AYM,62
AYN,64
AYP,64
AYQ,64
AYR,64
AYS,64
AYT,64
AYV,64
AYW,64
AYY,64
CAA,64
CAC,64
CAD,64
CAE,64
CAF,64
CAG,64
CAH,64
CAI,64
CAK,64
CAL,64
CAM,64
CAN,64
CAP,64
CAQ,64
CAR,64
CAS,64
CAT,64
CAV,64
CAW,64
CAY,63
CCA,31
CCC,5
CCD,18
CCE,33
CCF,10
CCG,54
CCH,11
CCI,6
CCK,10
CCL,23
CCM,2
CCN,23
CCP,27
CCQ,20
CCR,40
CCS,43
CCT,31
CCV,21
CCW,17
CCY,26
CDA,31
CDC,8
CDD,24
CDE,51
CDF,24
CDG,57
CDH,9
CDI,22
CDK,26
CDL,44
CDM,7
CDN,31
CDP,49
CDQ,44
CDR,64
CDS,59
CDT,53
CDV,21
CDW,16
CDY,36
CEA,59
CEC,8
CED,41
CEE,35
CEF,18
CEG,63
CEH,11
CEI,17
CEK,58
CEL,40
CEM,9
CEN,36
CEP,47
CEQ,64
CER,58
CES,41
CET,58
CEV,44
CEW,16
CEY,27
CFA,27
CFC,8
CFD,19
CFE,26
CFF,18
CFG,55
CFH,6
CFI,13
CFK,17
CFL,29
CFM,6
CFN,17
CFP,39
CFQ,30
CFR,49
CFS,49
CFT,35
CFV,26
CFW,17
CFY,26
CGA,64
CGC,41
CGD,57
CGE,62
CGF,51
CGG,64
CGH,41
CGI,59
CGK,49
CGL,64
CGM,28
CGN,63
CGP,60
CGQ,62
CGR,64
CGS,64
CGT,64
CGV,63
CGW,51
CGY,64
CHA,27
CHC,4
CHD,16
CHE,50
CHF,12
CHG,46
CHH,13
CHI,17
CHK,13
CHL,36
CHM,7
CHN,26
CHP,41
CHQ,32
CHR,54
CHS,50
CHT,41
CHV,17
CHW,8
CHY,28
CIA,56
CIC,10
CID,25
CIE,26
CIF,14
CIG,60
CIH,11
CII,24
CIK,18
CIL,51
CIM,5
CIN,21
CIP,56
CIQ,48
CIR,50
CIS,45
CIT,50
CIV,35
CIW,25
CIY,27
CKA,48
CKC,9
CKD,42
CKE,35
CKF,14
CKG,61
CKH,18
CKI,21
CKK,25
CKL,37
CKM,15
CKN,33
CKP,47
CKQ,37
CKR,45
CKS,48
CKT,53
CKV,46
CKW,7
CKY,18
CLA,64
CLC,15
CLD,57
CLE,49
CLF,32
CLG,63
CLH,32
CLI,34
CLK,44
CLL,56
CLM,20
CLN,43
CLP,61
CLQ,48
CLR,59
CLS,62
CLT,62
CLV,50
CLW,39
CLY,42
CMA,28
CMC,2
CMD,20
CME,16
CMF,5
CMG,54
CMH,3
CMI,14
CMK,3
CML,19
CMM,2
CMN,27
CMP,18
CMQ,8
CMR,21
CMS,27
CMT,39
CMV,19
CMW,6
CMY,10
CNA,57
CNC,9
CND,19
CNE,64
CNF,20
CNG,55
CNH,17
CNI,31
CNK,14
CNL,46
CNM,7
CNN,20
CNP,55
CNQ,64
CNR,58
CNS,56
CNT,53
CNV,44
CNW,9
CNY,46
CPA,57
CPC,55
CPD,59
CPE,54
CPF,41
CPG,64
CPH,40
CPI,45
CPK,47
CPL,62
CPM,19
CPN,50
CPP,63
CPQ,55
CPR,64
CPS,64
CPT,64
CPV,48
CPW,40
CPY,51
CQA,49
CQC,3
CQD,49
CQE,53
CQF,26
CQG,64
CQH,20
CQI,29
CQK,29
CQL,45
CQM,20
CQN,25
CQP,63
CQQ,40
CQR,56
CQS,43
CQT,55
CQV,35
CQW,20
CQY,34
CRA,64
CRC,33
CRD,64
CRE,63
CRF,51
CRG,64
CRH,32
CRI,57
CRK,53
CRL,64
CRM,38
CRN,54
CRP,64
CRQ,62
CRR,64
CRS,62
CRT,64
CRV,63
CRW,44
CRY,50
CSA,64
CSC,64
CSD,64
CSE,64
CSF,64
CSG,64
CSH,64
CSI,64
CSK,62
CSL,64
CSM,63
CSN,64
CSP,64
CSQ,64
CSR,64
CSS,64
CST,64
CSV,64
CSW,64
CSY,64
CTA,62
CTC,32
CTD,64
CTE,61
CTF,39
CTG,64
CTH,36
CTI,60
CTK,44
CTL,63
CTM,30
CTN,53
CTP,63
CTQ,58
CTR,63
CTS,64
CTT,64
CTV,60
CTW,41
CTY,54
CVA,61
CVC,39
CVD,50
CVE,48
CVF,28
CVG,63
CVH,24
CVI,51
CVK,35
CVL,54
CVM,21
CVN,32
CVP,55
CVQ,46
CVR,62
CVS,64
CVT,63
CVV,61
CVW,53
CVY,43
CWA,40
CWC,5
CWD,51
CWE,32
CWF,6
CWG,60
CWH,5
CWI,8
CWK,12
CWL,22
CWN,17
CWP,17
CWQ,18
CWR,39
CWS,35
CWT,51
CWV,27
CWW,13
CWY,13
CYA,19
CYC,3
CYD,17
CYE,64
CYF,12
CYG,63
CYH,8
CYI,15
CYK,12
CYL,33
CYM,6
CYN,57
CYP,38
CYQ,29
CYR,54
CYS,53
CYT,60
CYV,14
CYW,11
CYY,32
DAA,64
DAC,23
DAD,64
DAE,64
DAF,64
DAG,64
DAH,64
DAI,64
DAK,64
DAL,64
DAM,61
DAN,64
DAP,64
DAQ,64
DAR,64
DAS,64
DAT,64
DAV,64
DAW,64
DAY,64
DCA,30
DCC,23
DCD,24
DCE,52
DCF,23
DCG,52
DCH,23
DCI,16
DCK,20
DCL,37
DCM,8
DCN,41
DCP,44
DCQ,34
DCR,45
DCS,55
DCT,52
DCV,20
DCW,22
DCY,47
DDA,64
DDC,13
DDD,64
DDE,64
DDF,62
DDG,64
DDH,61
DDI,64
DDK,64
DDL,64
DDM,59
DDN,64
DDP,64
DDQ,64
DDR,64
DDS,64
DDT,64
DDV,64
DDW,64
DDY,64
DEA,64
DEC,12
DED,64
DEE,64
DEF,64
DEG,64
DEH,62
DEI,63
DEK,64
DEL,64
DEM,52
DEN,64
DEP,64
DEQ,64
DER,64
DES,64
DET,64
DEV,64
DEW,64
DEY,64
DFA,64
DFC,27
DFD,64
DFE,64
DFF,64
DFG,64
DFH,64
DFI,63
DFK,64
DFL,64
DFM,64
DFN,64
DFP,64
DFQ,64
DFR,64
DFS,64
DFT,64
DFV,64
DFW,64
DFY,64
DGA,64
DGC,40
DGD,64
DGE,64
DGF,64
DGG,64
DGH,64
DGI,64
DGK,64
DGL,64
DGM,64
DGN,64
DGP,64
DGQ,64
DGR,64
DGS,64
DGT,64
DGV,64
DGW,64
DGY,64
DHA,64
DHC,13
DHD,63
DHE,64
DHF,61
DHG,64
DHH,61
DHI,61
DHK,61
DHL,64
DHM,56
DHN,64
DHP,64
DHQ,64
DHR,64
DHS,64
DHT,64
DHV,64
DHW,60
DHY,64
DIA,64
DIC,19
DID,64
DIE,64
DIF,64
DIG,64
DIH,64
DII,64
DIK,64
DIL,64
DIM,63
DIN,64
DIP,64
DIQ,64
DIR,64
DIS,64
DIT,64
DIV,64
DIW,64
DIY,64
DKA,64
DKC,8
DKD,64
DKE,64
DKF,62
DKG,64
DKH,63
DKI,63
DKK,64
DKL,64
DKM,62
DKN,64
DKP,64
DKQ,64
DKR,64
DKS,64
DKT,64
DKV,64
DKW,62
DKY,64
DLA,64
DLC,43
DLD,64
DLE,64
DLF,64
DLG,64
DLH,64
DLI,64
DLK,64
DLL,64
DLM,64
DLN,64
DLP,64
DLQ,64
DLR,64
DLS,64
DLT,64
DLV,64
DLW,64
DLY,64
DMA,64
DMC,5
DMD,64
DME,64
DMF,53
DMG,64
DMH,48
DMI,59
DMK,61
DML,64
DMM,50
DMN,64
DMP,63
DMQ,62
DMR,64
DMS,64
DMT,64
DMV,64
DMW,57
DMY,62
DNA,64
DNC,15
DND,63
DNE,64
DNF,64
DNG,64
DNH,63
DNI,64
DNK,64
DNL,64
DNM,62
DNN,64
DNP,64
DNQ,64
DNR,64
DNS,64
DNT,64
DNV,64
DNW,62
DNY,64
DPA,64
DPC,40
DPD,64
DPE,64
DPF,64
DPG,64
DPH,64
DPI,64
DPK,64
DPL,64
DPM,64
DPN,64
DPP,64
DPQ,64
DPR,64
DPS,64
DPT,64
DPV,64
DPW,64
DPY,64
DQA,64
DQC,13
DQD,64
DQE,64
DQF,64
DQG,64
DQH,64
DQI,64
DQK,64
DQL,64
DQM,61
DQN,64
DQP,64
DQQ,64
DQR,64
DQS,64
DQT,64
DQV,64
DQW,64
DQY,64
DRA,64
DRC,61
DRD,64
DRE,64
DRF,64
DRG,64
DRH,64
DRI,64
DRK,64
DRL,64
DRM,64
DRN,64
DRP,64
DRQ,64
DRR,64
DRS,64
DRT,64
DRV,64
DRW,64
DRY,64
DSA,64
DSC,48
DSD,64
DSE,64
DSF,64
DSG,64
DSH,64
DSI,64
DSK,64
DSL,64
DSM,64
DSN,64
DSP,64
DSQ,64
DSR,64
DSS,64
DST,64
DSV,64
DSW,64
DSY,64
DTA,64
DTC,22
DTD,64
DTE,64
DTF,64
DTG,64
DTH,64
DTI,64
DTK,64
DTL,64
DTM,64
DTN,64
DTP,64
DTQ,64
DTR,64
DTS,64
DTT,64
DTV,64
DTW,64
DTY,64
DVA,64
DVC,32
DVD,64
DVE,64
DVF,63
DVG,64
DVH,64
DVI,64
DVK,64
DVL,64
DVM,62
DVN,64
DVP,64
DVQ,64
DVR,64
DVS,64
DVT,64
DVV,64
DVW,64
DVY,64
DWA,64
DWC,9
DWD,64
DWE,64
DWF,61
DWG,64
DWH,61
DWI,62
DWK,64
DWL,64
DWM,54
DWN,64
DWP,64
DWQ,64
DWR,64
DWS,64
DWT,64
DWV,64
DWW,63
DWY,64
DYA,64
DYC,24
DYD,64
DYE,64
DYF,64
DYG,64
DYH,64
DYI,64
DYK,64
DYL,64
DYM,61
DYN,64
DYP,64
DYQ,64
DYR,64
DYS,64
DYT,64
DYV,64
DYW,64
DYY,64
EAA,64
EAC,25
EAD,64
EAE,64
EAF,64
EAG,64
EAH,64
EAI,64
EAK,64
EAL,64
EAM,64
EAN,64
EAP,64
EAQ,64
EAR,64
EAS,64
EAT,64
EAV,64
EAW,64
EAY,64
ECA,21
ECC,19
ECD,22
ECE,50
ECF,18
ECG,51
ECH,14
ECI,14
ECK,20
ECL,36
ECM,5
ECN,37
ECP,37
ECQ,29
ECR,46
ECS,38
ECT,45
ECV,18
ECW,19
ECY,45
EDA,64
EDC,30
EDD,64
EDE,64
EDF,64
EDG,64
EDH,64
EDI,64
EDK,64
EDL,64
EDM,64
EDN,64
EDP,64
EDQ,64
EDR,64
EDS,64
EDT,64
EDV,64
EDW,64
EDY,64
EEA,64
EEC,29
EED,64
EEE,64
EEF,64
EEG,64
EEH,64
EEI,64
EEK,64
EEL,64
EEM,62
EEN,64
EEP,64
EEQ,64
EER,64
EES,64
EET,64
EEV,64
EEW,64
EEY,64
EFA,64
EFC,20
EFD,64
EFE,64
EFF,64
EFG,64
EFH,62
EFI,64
EFK,63
EFL,64
EFM,61
EFN,64
EFP,64
EFQ,64
EFR,64
EFS,64
EFT,64
EFV,64
EFW,63
EFY,64
EGA,64
EGC,59
EGD,64
EGE,64
EGF,64
EGG,64
EGH,64
EGI,64
EGK,64
EGL,64
EGM,64
EGN,64
EGP,64
EGQ,64
EGR,64
EGS,64
EGT,64
EGV,64
EGW,64
EGY,64
EHA,62
EHC,11
EHD,58
EHE,64
EHF,56
EHG,64
EHH,60
EHI,62
EHK,58
EHL,64
EHM,44
EHN,64
EHP,64
EHQ,64
EHR,64
EHS,64
EHT,64
EHV,62
EHW,58
EHY,64
EIA,64
EIC,24
EID,64
EIE,64
EIF,63
EIG,64
EIH,64
EII,64
EIK,62
EIL,64
EIM,63
EIN,64
EIP,64
EIQ,64
EIR,64
EIS,64
EIT,64
EIV,64
EIW,64
EIY,64
EKA,64
EKC,13
EKD,64
EKE,64
EKF,64
EKG,64
EKH,60
EKI,63
EKK,64
EKL,64
EKM,59
EKN,64
EKP,64
EKQ,64
EKR,64
EKS,64
EKT,64
EKV,64
EKW,61
EKY,64
ELA,64
ELC,30
ELD,64
ELE,64
ELF,64
ELG,64
ELH,64
ELI,64
ELK,64
ELL,64
ELM,64
ELN,64
ELP,64
ELQ,64
ELR,64
ELS,64
ELT,64
ELV,64
ELW,64
ELY,64
EMA,64
EMC,10
EMD,64
EME,64
EMF,58
EMG,64
EMH,47
EMI,60
EMK,59
EML,64
EMM,51
EMN,64
EMP,63
EMQ,62
EMR,64
EMS,64
EMT,64
EMV,64
EMW,60
EMY,64
ENA,64
ENC,13
END,64
ENE,64
ENF,63
ENG,64
ENH,64
ENI,64
ENK,63
ENL,64
ENM,59
ENN,64
ENP,64
ENQ,64
ENR,64
ENS,64
ENT,64
ENV,64
ENW,63
ENY,64
EPA,64
EPC,21
EPD,64
EPE,64
EPF,64
EPG,64
EPH,64
EPI,64
EPK,64
EPL,64
EPM,64
EPN,64
EPP,64
EPQ,64
EPR,64
EPS,64
EPT,64
EPV,64
EPW,64
EPY,64
EQA,64
EQC,61
EQD,64
EQE,64
EQF,64
EQG,64
EQH,62
EQI,63
EQK,64
EQL,64
EQM,59
EQN,64
EQP,64
EQQ,64
EQR,64
EQS,64
EQT,64
EQV,64
EQW,63
EQY,64
ERA,64
ERC,43
ERD,64
ERE,64
ERF,64
ERG,64
ERH,64
ERI,64
ERK,64
ERL,64
ERM,64
ERN,64
ERP,64
ERQ,64
ERR,64
ERS,64
ERT,64
ERV,64
ERW,64
ERY,64
ESA,64
ESC,38
ESD,64
ESE,64
ESF,64
ESG,64
ESH,64
ESI,64
ESK,64
ESL,64
ESM,64
ESN,64
ESP,64
ESQ,64
ESR,64
ESS,64
EST,64
ESV,64
ESW,64
ESY,64
ETA,64
ETC,24
ETD,64
ETE,64
ETF,64
ETG,64
ETH,64
ETI,64
ETK,64
ETL,64
ETM,64
ETN,64
ETP,64
ETQ,64
ETR,64
ETS,64
ETT,64
ETV,64
ETW,64
ETY,64
EVA,64
EVC,43
EVD,64
EVE,64
EVF,64
EVG,64
EVH,64
EVI,64
EVK,64
EVL,64
EVM,64
EVN,64
EVP,64
EVQ,64
EVR,64
EVS,64
EVT,64
EVV,64
EVW,64
EVY,64
EWA,64
EWC,17
EWD,64
EWE,64
EWF,63
EWG,64
EWH,59
EWI,62
EWK,63
EWL,64
EWM,53
EWN,64
EWP,64
EWQ,64
EWR,64
EWS,64
EWT,64
EWV,64
EWW,58
EWY,64
EYA,64
EYC,18
EYD,64
EYE,64
EYF,61
EYG,64
EYH,62
EYI,64
EYK,63
EYL,64
EYM,61
EYN,64
EYP,64
EYQ,64
EYR,64
EYS,64
EYT,64
EYV,64
EYW,62
EYY,64
FAA,64
FAC,11
FAD,64
FAE,64
FAF,64
FAG,64
FAH,63
FAI,59
FAK,64
FAL,64
FAM,59
FAN,64
FAP,64
FAQ,64
FAR,64
FAS,64
FAT,64
FAV,64
FAW,62
FAY,64
FCA,23
FCC,13
FCD,13
FCE,54
FCF,13
FCG,54
FCH,7
FCI,15
FCK,10
FCL,29
FCM,6
FCN,30
FCP,28
FCQ,26
FCR,49
FCS,39
FCT,40
FCV,22
FCW,7
FCY,31
FDA,64
FDC,14
FDD,63
FDE,64
FDF,64
FDG,64
FDH,62
FDI,64
FDK,64
FDL,64
FDM,58
FDN,64
FDP,64
FDQ,64
FDR,64
FDS,64
FDT,64
FDV,64
FDW,62
FDY,64
FEA,64
FEC,9
FED,64
FEE,64
FEF,60
FEG,64
FEH,53
FEI,63
FEK,64
FEL,64
FEM,56
FEN,64
FEP,64
FEQ,64
FER,64
FES,64
FET,64
FEV,64
FEW,61
FEY,64
FFA,64
FFC,16
FFD,64
FFE,64
FFF,59
FFG,64
FFH,62
FFI,58
FFK,61
FFL,64
FFM,53
FFN,64
FFP,64
FFQ,64
FFR,64
FFS,64
FFT,64
FFV,64
FFW,59
FFY,64
FGA,64
FGC,36
FGD,64
FGE,64
FGF,64
FGG,64
FGH,64
FGI,64
FGK,64
FGL,64
FGM,64
FGN,64
FGP,64
FGQ,64
FGR,64
FGS,64
FGT,64
FGV,64
FGW,64
FGY,64
FHA,61
FHC,7
FHD,61
FHE,64
FHF,52
FHG,64
FHH,55
FHI,50
FHK,49
FHL,62
FHM,35
FHN,64
FHP,64
FHQ,64
FHR,64
FHS,64
FHT,64
FHV,57
FHW,43
FHY,64
FIA,64
FIC,15
FID,64
FIE,64
FIF,59
FIG,64
FIH,60
FII,57
FIK,55
FIL,64
FIM,46
FIN,64
FIP,64
FIQ,64
FIR,64
FIS,64
FIT,64
FIV,63
FIW,59
FIY,64
FKA,64
FKC,6
FKD,64
FKE,64
FKF,59
FKG,64
FKH,44
FKI,58
FKK,56
FKL,64
FKM,52
FKN,64
FKP,64
FKQ,64
FKR,64
FKS,64
FKT,64
FKV,62
FKW,56
FKY,63
FLA,64
FLC,27
FLD,64
FLE,64
FLF,64
FLG,64
FLH,64
FLI,64
FLK,64
FLL,64
FLM,62
FLN,64
FLP,64
FLQ,64
FLR,64
FLS,64
FLT,64
FLV,64
FLW,64
FLY,64
FMA,64
FMC,3
FMD,64
FME,63
FMF,40
FMG,64
FMH,40
FMI,44
FMK,41
FML,60
FMM,35
FMN,64
FMP,57
FMQ,56
FMR,63
FMS,64
FMT,64
FMV,60
FMW,40
FMY,53
FNA,64
FNC,8
FND,63
FNE,64
FNF,62
FNG,64
FNH,61
FNI,64
FNK,59
FNL,64
FNM,54
FNN,64
FNP,64
FNQ,64
FNR,64
FNS,64
FNT,64
FNV,64
FNW,62
FNY,64
FPA,64
FPC,21
FPD,64
FPE,64
FPF,64
FPG,64
FPH,64
FPI,64
FPK,64
FPL,64
FPM,64
FPN,64
FPP,64
FPQ,64
FPR,64
FPS,64
FPT,64
FPV,64
FPW,64
FPY,64
FQA,64
FQC,7
FQD,64
FQE,64
FQF,63
FQG,64
FQH,63
FQI,63
FQK,63
FQL,64
FQM,60
FQN,64
FQP,64
FQQ,64
FQR,64
FQS,64
FQT,64
FQV,64
FQW,60
FQY,64
FRA,64
FRC,29
FRD,64
FRE,64
FRF,64
FRG,64
FRH,63
FRI,64
FRK,64
FRL,64
FRM,64
FRN,64
FRP,64
FRQ,64
FRR,64
FRS,64
FRT,64
FRV,64
FRW,64
FRY,64
FSA,64
FSC,28
FSD,64
FSE,64
FSF,64
FSG,64
FSH,64
FSI,64
FSK,64
FSL,64
FSM,63
FSN,64
FSP,64
FSQ,64
FSR,64
FSS,64
FST,64
FSV,64
FSW,64
FSY,64
FTA,64
FTC,8
FTD,64
FTE,64
FTF,63
FTG,64
FTH,62
FTI,64
FTK,63
FTL,64
FTM,58
FTN,64
FTP,64
FTQ,64
FTR,64
FTS,64
FTT,64
FTV,64
FTW,63
FTY,64
FVA,64
FVC,25
FVD,64
FVE,64
FVF,61
FVG,64
FVH,58
FVI,63
FVK,64
FVL,64
FVM,57
FVN,64
FVP,64
FVQ,64
FVR,64
FVS,64
FVT,64
FVV,64
FVW,63
FVY,64
FWA,64
FWC,10
FWD,64
FWE,64
FWF,55
FWG,64
FWH,51
FWI,50
FWK,55
FWL,62
FWM,42
FWN,64
FWP,64
FWQ,64
FWR,64
FWS,64
FWT,64
FWV,63
FWW,49
FWY,63
FYA,64
FYC,8
FYD,63
FYE,64
FYF,56
FYG,64
FYH,58
FYI,60
FYK,54
FYL,64
FYM,50
FYN,64
FYP,64
FYQ,64
FYR,64
FYS,64
FYT,64
FYV,60
FYW,56
FYY,64
GAA,64
GAC,62
GAD,64
GAE,64
GAF,64
GAG,64
GAH,64
GAI,64
GAK,64
GAL,64
GAM,64
GAN,64
GAP,64
GAQ,64
GAR,64
GAS,64
GAT,64
GAV,64
GAW,64
GAY,64
GCA,52
GCC,44
GCD,48
GCE,64
GCF,42
GCG,64
GCH,48
GCI,36
GCK,33
GCL,56
GCM,15
GCN,63
GCP,55
GCQ,61
GCR,62
GCS,63
GCT,63
GCV,45
GCW,37
GCY,64
GDA,64
GDC,55
GDD,64
GDE,64
GDF,64
GDG,64
GDH,64
GDI,64
GDK,64
GDL,64
GDM,64
GDN,64
GDP,64
GDQ,64
GDR,64
GDS,64
GDT,64
GDV,64
GDW,64
GDY,64
GEA,64
GEC,57
GED,64
GEE,64
GEF,64
GEG,64
GEH,64
GEI,64
GEK,64
GEL,64
GEM,64
GEN,64
GEP,64
GEQ,64
GER,64
GES,64
GET,64
GEV,64
GEW,64
GEY,64
GFA,64
GFC,55
GFD,64
GFE,64
GFF,64
GFG,64
GFH,64
GFI,64
GFK,64
GFL,64
GFM,64
GFN,64
GFP,64
GFQ,64
GFR,64
GFS,64
GFT,64
GFV,64
GFW,64
GFY,64
GGA,64
GGC,64
GGD,64
GGE,64
GGF,64
GGG,64
GGH,64
GGI,64
GGK,64
GGL,64
GGM,64
GGN,64
GGP,64
GGQ,64
GGR,64
GGS,64
GGT,64
GGV,64
GGW,64
GGY,64
GHA,64
GHC,49
GHD,64
GHE,64
GHF,64
GHG,64
GHH,64
GHI,64
GHK,64
GHL,64
GHM,64
GHN,64
GHP,64
GHQ,64
GHR,64
GHS,64
GHT,64
GHV,64
GHW,64
GHY,64
GIA,64
GIC,53
GID,64
GIE,64
GIF,64
GIG,64
GIH,64
GII,64
GIK,64
GIL,64
GIM,64
GIN,64
GIP,64
GIQ,64
GIR,64
GIS,64
GIT,64
GIV,64
GIW,64
GIY,64
GKA,64
GKC,41
GKD,64
GKE,64
GKF,64
GKG,64
GKH,64
GKI,64
GKK,64
GKL,64
GKM,64
GKN,64
GKP,64
GKQ,64
GKR,64
GKS,64
GKT,64
GKV,64
GKW,64
GKY,64
GLA,64
GLC,62
GLD,64
GLE,64
GLF,64
GLG,64
GLH,64
GLI,64
GLK,64
GLL,64
GLM,64
GLN,64
GLP,64
GLQ,64
GLR,64
GLS,64
GLT,64
GLV,64
GLW,64
GLY,64
GMA,64
GMC,23
GMD,64
GME,64
GMF,64
GMG,64
GMH,64
GMI,64
GMK,64
GML,64
GMM,64
GMN,64
GMP,64
GMQ,64
GMR,64
GMS,64
GMT,64
GMV,64
GMW,64
GMY,64
GNA,64
GNC,43
GND,64
GNE,64
GNF,64
GNG,64
GNH,64
GNI,64
GNK,64
GNL,64
GNM,64
GNN,64
GNP,64
GNQ,64
GNR,64
GNS,64
GNT,64
GNV,64
GNW,64
GNY,64
GPA,64
GPC,63
GPD,64
GPE,64
GPF,64
GPG,64
GPH,64
GPI,64
GPK,64
GPL,64
GPM,64
GPN,64
GPP,64
GPQ,64
GPR,64
GPS,64
GPT,64
GPV,64
GPW,64
GPY,64
GQA,64
GQC,51
GQD,64
GQE,64
GQF,64
GQG,64
GQH,64
GQI,64
GQK,64
GQL,64
GQM,64
GQN,64
GQP,64
GQQ,64
GQR,64
GQS,64
GQT,64
GQV,64
GQW,64
GQY,64
GRA,64
GRC,64
GRD,64
GRE,64
GRF,64
GRG,64
GRH,64
GRI,64
GRK,64
GRL,64
GRM,64
GRN,64
GRP,64
GRQ,64
GRR,64
GRS,64
GRT,64
GRV,64
GRW,64
GRY,64
GSA,64
GSC,63
GSD,64
GSE,64
GSF,64
GSG,64
GSH,64
GSI,64
GSK,64
GSL,64
GSM,64
GSN,64
GSP,64
GSQ,64
GSR,64
GSS,64
GST,64
GSV,64
GSW,64
GSY,64
GTA,64
GTC,50
GTD,64
GTE,64
GTF,64
GTG,64
GTH,64
GTI,64
GTK,64
GTL,64
GTM,64
GTN,64
GTP,64
GTQ,64
GTR,64
GTS,64
GTT,64
GTV,64
GTW,64
GTY,64
GVA,64
GVC,60
GVD,64
GVE,64
GVF,64
GVG,64
GVH,64
GVI,64
GVK,64
GVL,64
GVM,64
GVN,64
GVP,64
GVQ,64
GVR,64
GVS,64
GVT,64
GVV,64
GVW,64
GVY,64
GWA,64
GWC,41
GWD,64
GWE,64
GWF,64
GWG,64
GWH,63
GWI,64
GWK,64
GWL,64
GWM,64
GWN,64
GWP,64
GWQ,64
GWR,64
GWS,64
GWT,64
GWV,64
GWW,63
GWY,64
GYA,64
GYC,35
GYD,64
GYE,64
GYF,64
GYG,64
GYH,64
GYI,64
GYK,64
GYL,64
GYM,64
GYN,64
GYP,64
GYQ,64
GYR,64
GYS,64
GYT,64
GYV,64
GYW,64
GYY,64
HAA,64
HAC,3
HAD,64
HAE,64
HAF,63
HAG,64
HAH,47
HAI,57
HAK,60
HAL,64
HAM,50
HAN,64
HAP,64
HAQ,63
HAR,64
HAS,64
HAT,64
HAV,63
HAW,57
HAY,64
HCA,9
HCC,9
HCD,5
HCE,33
HCF,5
HCG,29
HCH,10
HCI,4
HCK,5
HCL,18
HCM,2
HCN,20
HCP,29
HCQ,14
HCR,31
HCS,27
HCT,22
HCV,9
HCW,7
HCY,26
HDA,62
HDC,5
HDD,60
HDE,64
HDF,57
HDG,64
HDH,46
HDI,58
HDK,56
HDL,64
HDM,41
HDN,64
HDP,64
HDQ,63
HDR,64
HDS,64
HDT,64
HDV,61
HDW,60
HDY,64
HEA,64
HEC,7
HED,63
HEE,64
HEF,53
HEG,64
HEH,47
HEI,52
HEK,64
HEL,63
HEM,44
HEN,64
HEP,64
HEQ,64
HER,64
HES,64
HET,64
HEV,63
HEW,50
HEY,62
HFA,62
HFC,12
HFD,63
HFE,62
HFF,54
HFG,64
HFH,50
HFI,53
HFK,47
HFL,64
HFM,46
HFN,63
HFP,64
HFQ,63
HFR,64
HFS,64
HFT,64
HFV,62
HFW,52
HFY,63
HGA,64
HGC,25
HGD,64
HGE,64
HGF,64
HGG,64
HGH,62
HGI,63
HGK,63
HGL,64
HGM,63
HGN,64
HGP,64
HGQ,64
HGR,64
HGS,64
HGT,64
HGV,64
HGW,63
HGY,64
HHA,57
HHC,6
HHD,58
HHE,64
HHF,44
HHG,64
HHH,40
HHI,53
HHK,47
HHL,63
HHM,30
HHN,64
HHP,64
HHQ,64
HHR,64
HHS,64
HHT,64
HHV,46
HHW,35
HHY,64
HIA,63
HIC,12
HID,62
HIE,63
HIF,50
HIG,64
HIH,44
HII,54
HIK,52
HIL,63
HIM,44
HIN,63
HIP,64
HIQ,64
HIR,64
HIS,64
HIT,64
HIV,58
HIW,45
HIY,64
HKA,64
HKC,5
HKD,63
HKE,64
HKF,51
HKG,64
HKH,35
HKI,60
HKK,53
HKL,64
HKM,43
HKN,64
HKP,63
HKQ,63
HKR,64
HKS,64
HKT,64
HKV,63
HKW,45
HKY,60
HLA,64
HLC,25
HLD,64
HLE,64
HLF,64
HLG,64
HLH,62
HLI,63
HLK,63
HLL,64
HLM,58
HLN,64
HLP,64
HLQ,64
HLR,64
HLS,64
HLT,64
HLV,63
HLW,62
HLY,64
HMA,58
HMD,57
HME,54
HMF,26
HMG,64
HMH,15
HMI,34
HMK,37
HML,47
HMM,17
HMN,64
HMP,45
HMQ,34
HMR,55
HMS,56
HMT,63
HMV,49
HMW,26
HMY,43
HNA,61
HNC,5
HND,62
HNE,64
HNF,49
HNG,64
HNH,40
HNI,58
HNK,48
HNL,63
HNM,41
HNN,64
HNP,64
HNQ,64
HNR,64
HNS,64
HNT,64
HNV,58
HNW,52
HNY,64
HPA,64
HPC,21
HPD,64
HPE,64
HPF,63
HPG,64
HPH,64
HPI,64
HPK,63
HPL,64
HPM,62
HPN,64
HPP,64
HPQ,64
HPR,64
HPS,64
HPT,64
HPV,64
HPW,64
HPY,64
HQA,64
HQC,9
HQD,64
HQE,64
HQF,60
HQG,64
HQH,59
HQI,62
HQK,61
HQL,64
HQM,47
HQN,64
HQP,64
HQQ,64
HQR,64
HQS,64
HQT,64
HQV,63
HQW,56
HQY,64
HRA,64
HRC,19
HRD,64
HRE,64
HRF,64
HRG,64
HRH,64
HRI,63
HRK,64
HRL,64
HRM,63
HRN,64
HRP,64
HRQ,64
HRR,64
HRS,64
HRT,64
HRV,64
HRW,64
HRY,64
HSA,64
HSC,18
HSD,64
HSE,64
HSF,62
HSG,64
HSH,62
HSI,63
HSK,63
HSL,64
HSM,63
HSN,64
HSP,64
HSQ,64
HSR,64
HSS,64
HST,64
HSV,64
HSW,63
HSY,64
HTA,64
HTC,10
HTD,64
HTE,64
HTF,57
HTG,64
HTH,58
HTI,64
HTK,63
HTL,64
HTM,57
HTN,64
HTP,64
HTQ,64
HTR,64
HTS,64
HTT,64
HTV,64
HTW,59
HTY,64
HVA,64
HVC,4
HVD,64
HVE,64
HVF,58
HVG,64
HVH,54
HVI,51
HVK,55
HVL,63
HVM,47
HVN,64
HVP,64
HVQ,64
HVR,64
HVS,64
HVT,63
HVV,60
HVW,53
HVY,64
HWA,63
HWC,3
HWD,64
HWE,64
HWF,26
HWG,64
HWH,21
HWI,29
HWK,36
HWL,46
HWM,22
HWN,63
HWP,54
HWQ,53
HWR,63
HWS,61
HWT,64
HWV,60
HWW,22
HWY,54
HYA,57
HYC,3
HYD,56
HYE,64
HYF,44
HYG,64
HYH,42
HYI,46
HYK,51
HYL,62
HYM,37
HYN,64
HYP,64
HYQ,64
HYR,64
HYS,64
HYT,64
HYV,53
HYW,35
HYY,64
IAA,64
IAC,12
IAD,64
IAE,64
IAF,64
IAG,64
IAH,63
IAI,63
IAK,64
IAL,64
IAM,61
IAN,64
IAP,64
IAQ,64
IAR,64
IAS,64
IAT,64
IAV,64
IAW,64
IAY,64
ICA,26
ICC,10
ICD,20
ICE,49
ICF,11
ICG,53
ICH,10
ICI,8
ICK,16
ICL,31
ICM,3
ICN,33
ICP,35
ICQ,22
ICR,44
ICS,34
ICT,40
ICV,23
ICW,9
ICY,38
IDA,64
IDC,18
IDD,63
IDE,64
IDF,63
IDG,64
IDH,64
IDI,64
IDK,63
IDL,64
IDM,61
IDN,64
IDP,64
IDQ,64
IDR,64
IDS,64
IDT,64
IDV,64
IDW,64
IDY,64
IEA,64
IEC,13
IED,64
IEE,64
IEF,64
IEG,64
IEH,59
IEI,61
IEK,64
IEL,64
IEM,59
IEN,64
IEP,64
IEQ,64
IER,64
IES,64
IET,64
IEV,64
IEW,62
IEY,64
IFA,64
IFC,21
IFD,63
IFE,64
IFF,60
IFG,64
IFH,56
IFI,55
IFK,56
IFL,64
IFM,55
IFN,64
IFP,64
IFQ,64
IFR,64
IFS,64
IFT,64
IFV,62
IFW,59
IFY,64
IGA,64
IGC,38
IGD,64
IGE,64
IGF,64
IGG,64
IGH,64
IGI,64
IGK,64
IGL,64
IGM,64
IGN,64
IGP,64
IGQ,64
IGR,64
IGS,64
IGT,64
IGV,64
IGW,64
IGY,64
IHA,62
IHC,12
IHD,62
IHE,64
IHF,56
IHG,64
IHH,55
IHI,57
IHK,47
IHL,64
IHM,39
IHN,64
IHP,64
IHQ,64
IHR,64
IHS,64
IHT,64
IHV,56
IHW,48
IHY,64
IIA,64
IIC,11
IID,64
IIE,64
IIF,63
IIG,64
IIH,63
III,56
IIK,60
IIL,64
IIM,55
IIN,64
IIP,64
IIQ,64
IIR,64
IIS,64
IIT,64
IIV,60
IIW,62
IIY,64
IKA,64
IKC,8
IKD,64
IKE,64
IKF,58
IKG,64
IKH,54
IKI,62
IKK,62
IKL,64
IKM,56
IKN,64
IKP,64
IKQ,64
IKR,64
IKS,64
IKT,64
IKV,64
IKW,55
IKY,64
ILA,64
ILC,28
ILD,64
ILE,64
ILF,64
ILG,64
ILH,64
ILI,64
ILK,64
ILL,64
ILM,63
ILN,64
ILP,64
ILQ,64
ILR,64
ILS,64
ILT,64
ILV,64
ILW,64
ILY,64
IMA,64
IMD,64
IME,64
IMF,45
IMG,64
IMH,37
IMI,47
IMK,53
IML,61
IMM,32
IMN,64
IMP,62
IMQ,55
IMR,64
IMS,63
IMT,64
IMV,59
IMW,50
IMY,58
INA,64
INC,6
IND,64
INE,64
INF,60
ING,64
INH,60
INI,63
INK,60
INL,64
INM,57
INN,64
INP,64
INQ,64
INR,64
INS,64
INT,64
INV,63
INW,61
INY,64
IPA,64
IPC,25
IPD,64
IPE,64
IPF,64
IPG,64
IPH,64
IPI,64
IPK,64
IPL,64
IPM,62
IPN,64
IPP,64
IPQ,64
IPR,64
IPS,64
IPT,64
IPV,64
IPW,63
IPY,64
IQA,64
IQC,16
IQD,64
IQE,64
IQF,64
IQG,64
IQH,62
IQI,64
IQK,60
IQL,64
IQM,52
IQN,64
IQP,64
IQQ,64
IQR,64
IQS,64
IQT,64
IQV,64
IQW,61
IQY,64
IRA,64
IRC,29
IRD,64
IRE,64
IRF,64
IRG,64
IRH,64
IRI,64
IRK,64
IRL,64
IRM,64
IRN,64
IRP,64
IRQ,64
IRR,64
IRS,64
IRT,64
IRV,64
IRW,64
IRY,64
ISA,64
ISC,27
ISD,64
ISE,64
ISF,64
ISG,64
ISH,64
ISI,64
ISK,64
ISL,64
ISM,64
ISN,64
ISP,64
ISQ,64
ISR,64
ISS,64
IST,64
ISV,64
ISW,64
ISY,64
ITA,64
ITC,14
ITD,64
ITE,64
ITF,63
ITG,64
ITH,64
ITI,64
ITK,64
ITL,64
ITM,61
ITN,64
ITP,64
ITQ,64
ITR,64
ITS,64
ITT,64
ITV,64
ITW,62
ITY,64
IVA,64
IVC,18
IVD,63
IVE,64
IVF,63
IVG,64
IVH,64
IVI,60
IVK,64
IVL,64
IVM,56
IVN,64
IVP,64
IVQ,64
IVR,64
IVS,64
IVT,64
IVV,64
IVW,64
IVY,64
IWA,64
IWC,7
IWD,64
IWE,64
IWF,51
IWG,64
IWH,44
IWI,52
IWK,51
IWL,62
IWM,35
IWN,64
IWP,64
IWQ,64
IWR,64
IWS,64
IWT,64
IWV,63
IWW,41
IWY,62
IYA,64
IYC,7
IYD,64
IYE,64
IYF,57
IYG,64
IYH,60
IYI,55
IYK,57
IYL,64
IYM,43
IYN,64
IYP,64
IYQ,64
IYR,64
IYS,64
IYT,64
IYV,56
IYW,53
IYY,64
KAA,64
KAC,39
KAD,64
KAE,64
KAF,64
KAG,64
KAH,63
KAI,64
KAK,64
KAL,64
KAM,55
KAN,64
KAP,64
KAQ,64
KAR,64
KAS,64
KAT,64
KAV,64
KAW,63
KAY,64
KCA,15
KCC,8
KCD,16
KCE,28
KCF,7
KCG,44
KCH,9
KCI,4
KCK,9
KCL,17
KCM,2
KCN,18
KCP,34
KCQ,22
KCR,42
KCS,34
KCT,37
KCV,14
KCW,14
KCY,28
KDA,64
KDC,33
KDD,64
KDE,64
KDF,64
KDG,64
KDH,63
KDI,64
KDK,64
KDL,64
KDM,59
KDN,64
KDP,64
KDQ,64
KDR,64
KDS,64
KDT,64
KDV,64
KDW,64
KDY,64
KEA,64
KEC,33
KED,64
KEE,64
KEF,64
KEG,64
KEH,61
KEI,64
KEK,64
KEL,64
KEM,58
KEN,64
KEP,64
KEQ,64
KER,64
KES,64
KET,64
KEV,64
KEW,64
KEY,64
KFA,64
KFC,15
KFD,62
KFE,64
KFF,56
KFG,64
KFH,53
KFI,51
KFK,48
KFL,64
KFM,47
KFN,64
KFP,63
KFQ,63
KFR,64
KFS,64
KFT,64
KFV,58
KFW,58
KFY,64
KGA,64
KGC,55
KGD,64
KGE,64
KGF,64
KGG,64
KGH,64
KGI,64
KGK,64
KGL,64
KGM,64
KGN,64
KGP,64
KGQ,64
KGR,64
KGS,64
KGT,64
KGV,64
KGW,64
KGY,64
KHA,58
KHC,7
KHD,49
KHE,64
KHF,47
KHG,64
KHH,43
KHI,42
KHK,36
KHL,62
KHM,28
KHN,64
KHP,62
KHQ,62
KHR,64
KHS,63
KHT,63
KHV,44
KHW,36
KHY,64
KIA,64
KIC,11
KID,63
KIE,64
KIF,59
KIG,64
KIH,59
KII,60
KIK,57
KIL,64
KIM,53
KIN,64
KIP,64
KIQ,64
KIR,64
KIS,64
KIT,64
KIV,62
KIW,61
KIY,64
KKA,64
KKC,11
KKD,64
KKE,64
KKF,59
KKG,64
KKH,48
KKI,58
KKK,60
KKL,64
KKM,51
KKN,64
KKP,64
KKQ,64
KKR,64
KKS,64
KKT,64
KKV,64
KKW,57
KKY,64
KLA,64
KLC,24
KLD,64
KLE,64
KLF,64
KLG,64
KLH,62
KLI,62
KLK,64
KLL,64
KLM,61
KLN,64
KLP,64
KLQ,64
KLR,64
KLS,64
KLT,64
KLV,64
KLW,62
KLY,64
KMA,62
KMC,5
KMD,64
KME,61
KMF,42
KMG,64
KMH,24
KMI,45
KMK,42
KML,51
KMM,22
KMN,64
KMP,49
KMQ,50
KMR,63
KMS,62
KMT,64
KMV,60
KMW,45
KMY,52
KNA,64
KNC,19
KND,62
KNE,64
KNF,51
KNG,64
KNH,56
KNI,64
KNK,56
KNL,64
KNM,50
KNN,64
KNP,64
KNQ,64
KNR,64
KNS,64
KNT,64
KNV,58
KNW,59
KNY,64
KPA,64
KPC,20
KPD,64
KPE,64
KPF,63
KPG,64
KPH,64
KPI,62
KPK,61
KPL,64
KPM,59
KPN,64
KPP,64
KPQ,64
KPR,64
KPS,64
KPT,64
KPV,63
KPW,64
KPY,64
KQA,64
KQC,11
KQD,64
KQE,64
KQF,64
KQG,64
KQH,56
KQI,62
KQK,61
KQL,64
KQM,48
KQN,64
KQP,64
KQQ,64
KQR,64
KQS,64
KQT,64
KQV,64
KQW,53
KQY,64
KRA,64
KRC,32
KRD,64
KRE,64
KRF,64
KRG,64
KRH,63
KRI,64
KRK,64
KRL,64
KRM,61
KRN,64
KRP,64
KRQ,64
KRR,64
KRS,64
KRT,64
KRV,64
KRW,64
KRY,64
KSA,64
KSC,28
KSD,64
KSE,64
KSF,64
KSG,64
KSH,63
KSI,63
KSK,64
KSL,64
KSM,59
KSN,64
KSP,64
KSQ,64
KSR,64
KSS,64
KST,64
KSV,64
KSW,64
KSY,64
KTA,64
KTC,16
KTD,64
KTE,64
KTF,64
KTG,64
KTH,59
KTI,64
KTK,63
KTL,64
KTM,59
KTN,64
KTP,64
KTQ,64
KTR,64
KTS,64
KTT,64
KTV,64
KTW,64
KTY,64
KVA,64
KVC,44
KVD,64
KVE,64
KVF,64
KVG,64
KVH,62
KVI,64
KVK,64
KVL,64
KVM,59
KVN,64
KVP,64
KVQ,64
KVR,64
KVS,64
KVT,64
KVV,64
KVW,64
KVY,64
KWA,64
KWC,5
KWD,64
KWE,64
KWF,48
KWG,64
KWH,37
KWI,44
KWK,44
KWL,55
KWM,27
KWN,64
KWP,63
KWQ,64
KWR,63
KWS,63
KWT,64
KWV,64
KWW,42
KWY,61
KYA,60
KYC,8
KYD,58
KYE,64
KYF,47
KYG,64
KYH,51
KYI,53
KYK,48
KYL,61
KYM,39
KYN,64
KYP,63
KYQ,64
KYR,64
KYS,64
KYT,64
KYV,57
KYW,47
KYY,64
LAA,64
LAC,55
LAD,64
LAE,64
LAF,64
LAG,64
LAH,64
LAI,64
LAK,64
LAL,64
LAM,64
LAN,64
LAP,64
LAQ,64
LAR,64
LAS,64
LAT,64
LAV,64
LAW,64
LAY,64
LCA,36
LCC,33
LCD,27
LCE,59
LCF,28
LCG,61
LCH,23
LCI,26
LCK,25
LCL,48
LCM,10
LCN,44
LCP,48
LCQ,46
LCR,59
LCS,59
LCT,57
LCV,36
LCW,31
LCY,49
LDA,64
LDC,43
LDD,64
LDE,64
LDF,64
LDG,64
LDH,64
LDI,64
LDK,64
LDL,64
LDM,64
LDN,64
LDP,64
LDQ,64
LDR,64
LDS,64
LDT,64
LDV,64
LDW,64
LDY,64
LEA,64
LEC,37
LED,64
LEE,64
LEF,64
LEG,64
LEH,64
LEI,64
LEK,64
LEL,64
LEM,64
LEN,64
LEP,64
LEQ,64
LER,64
LES,64
LET,64
LEV,64
LEW,64
LEY,64
LFA,64
LFC,32
LFD,64
LFE,64
LFF,63
LFG,64
LFH,64
LFI,64
LFK,64
LFL,64
LFM,63
LFN,64
LFP,64
LFQ,64
LFR,64
LFS,64
LFT,64
LFV,64
LFW,64
LFY,64
LGA,64
LGC,55
LGD,64
LGE,64
LGF,64
LGG,64
LGH,64
LGI,64
LGK,64
LGL,64
LGM,64
LGN,64
LGP,64
LGQ,64
LGR,64
LGS,64
LGT,64
LGV,64
LGW,64
LGY,64
LHA,63
LHC,17
LHD,64
LHE,64
LHF,61
LHG,64
LHH,63
LHI,61
LHK,63
LHL,64
LHM,55
LHN,64
LHP,64
LHQ,64
LHR,64
LHS,64
LHT,64
LHV,64
LHW,60
LHY,64
LIA,64
LIC,38
LID,64
LIE,64
LIF,64
LIG,64
LIH,64
LII,64
LIK,64
LIL,64
LIM,64
LIN,64
LIP,64
LIQ,64
LIR,64
LIS,64
LIT,64
LIV,64
LIW,64
LIY,64
LKA,64
LKC,22
LKD,64
LKE,64
LKF,64
LKG,64
LKH,64
LKI,64
LKK,64
LKL,64
LKM,63
LKN,64
LKP,64
LKQ,64
LKR,64
LKS,64
LKT,64
LKV,64
LKW,63
LKY,64
LLA,64
LLC,47
LLD,64
LLE,64
LLF,64
LLG,64
LLH,64
LLI,64
LLK,64
LLL,64
LLM,64
LLN,64
LLP,64
LLQ,64
LLR,64
LLS,64
LLT,64
LLV,64
LLW,64
LLY,64
LMA,64
LMC,21
LMD,64
LME,64
LMF,62
LMG,64
LMH,60
LMI,61
LMK,63
LML,64
LMM,60
LMN,64
LMP,64
LMQ,63
LMR,64
LMS,64
LMT,64
LMV,64
LMW,61
LMY,64
LNA,64
LNC,24
LND,64
LNE,64
LNF,64
LNG,64
LNH,64
LNI,64
LNK,64
LNL,64
LNM,64
LNN,64
LNP,64
LNQ,64
LNR,64
LNS,64
LNT,64
LNV,64
LNW,64
LNY,64
LPA,64
LPC,45
LPD,64
LPE,64
LPF,64
LPG,64
LPH,64
LPI,64
LPK,64
LPL,64
LPM,64
LPN,64
LPP,64
LPQ,64
LPR,64
LPS,64
LPT,64
LPV,64
LPW,64
LPY,64
LQA,64
LQC,10
LQD,64
LQE,64
LQF,64
LQG,64
LQH,64
LQI,64
LQK,64
LQL,64
LQM,63
LQN,64
LQP,64
LQQ,64
LQR,64
LQS,64
LQT,64
LQV,64
LQW,64
LQY,64
LRA,64
LRC,54
LRD,64
LRE,64
LRF,64
LRG,64
LRH,64
LRI,64
LRK,64
LRL,64
LRM,64
LRN,64
LRP,64
LRQ,64
LRR,64
LRS,64
LRT,64
LRV,64
LRW,64
LRY,64
LSA,64
LSC,41
LSD,64
LSE,64
LSF,64
LSG,64
LSH,64
LSI,64
LSK,64
LSL,64
LSM,64
LSN,64
LSP,64
LSQ,64
LSR,64
LSS,64
LST,64
LSV,64
LSW,64
LSY,64
LTA,64
LTC,38
LTD,64
LTE,64
LTF,64
LTG,64
LTH,64
LTI,64
LTK,64
LTL,64
LTM,64
LTN,64
LTP,64
LTQ,64
LTR,64
LTS,64
LTT,64
LTV,64
LTW,64
LTY,64
LVA,64
LVC,54
LVD,64
LVE,64
LVF,64
LVG,64
LVH,64
LVI,64
LVK,64
LVL,64
LVM,64
LVN,64
LVP,64
LVQ,64
LVR,64
LVS,64
LVT,64
LVV,64
LVW,64
LVY,64
LWA,64
LWC,21
LWD,64
LWE,64
LWF,63
LWG,64
LWH,60
LWI,63
LWK,64
LWL,64
LWM,57
LWN,64
LWP,64
LWQ,64
LWR,64
LWS,64
LWT,64
LWV,64
LWW,64
LWY,64
LYA,64
LYC,25
LYD,64
LYE,64
LYF,64
LYG,64
LYH,64
LYI,64
LYK,64
LYL,64
LYM,62
LYN,64
LYP,64
LYQ,64
LYR,64
LYS,64
LYT,64
LYV,64
LYW,64
LYY,64
MAA,64
MAC,5
MAD,64
MAE,64
MAF,64
MAG,64
MAH,57
MAI,59
MAK,64
MAL,64
MAM,47
MAN,64
MAP,64
MAQ,64
MAR,64
MAS,64
MAT,64
MAV,64
MAW,58
MAY,64
MCA,5
MCC,3
MCD,6
MCE,16
MCF,1
MCG,23
MCH,2
MCI,1
MCK,1
MCL,3
MCN,4
MCP,9
MCQ,8
MCR,11
MCS,9
MCT,9
MCV,4
MCW,2
MCY,11
MDA,64
MDC,9
MDD,53
MDE,64
MDF,60
MDG,64
MDH,52
MDI,64
MDK,59
MDL,64
MDM,47
MDN,64
MDP,64
MDQ,63
MDR,64
MDS,64
MDT,64
MDV,61
MDW,61
MDY,64
MEA,64
MEC,9
MED,64
MEE,64
MEF,56
MEG,64
MEH,46
MEI,59
MEK,64
MEL,64
MEM,36
MEN,63
MEP,63
MEQ,64
MER,64
MES,64
MET,64
MEV,64
MEW,55
MEY,64
MFA,59
MFC,8
MFD,59
MFE,61
MFF,34
MFG,64
MFH,40
MFI,26
MFK,28
MFL,52
MFM,23
MFN,63
MFP,58
MFQ,58
MFR,63
MFS,64
MFT,63
MFV,47
MFW,36
MFY,60
MGA,64
MGC,23
MGD,64
MGE,64
MGF,64
MGG,64
MGH,64
MGI,64
MGK,64
MGL,64
MGM,64
MGN,64
MGP,64
MGQ,64
MGR,64
MGS,64
MGT,64
MGV,64
MGW,64
MGY,64
MHA,24
MHC,2
MHD,25
MHE,64
MHF,7
MHG,62
MHH,16
MHI,23
MHK,17
MHL,40
MHM,11
MHN,57
MHP,35
MHQ,54
MHR,55
MHS,61
MHT,62
MHV,24
MHW,10
MHY,54
MIA,63
MIC,3
MID,60
MIE,61
MIF,44
MIG,64
MIH,42
MII,40
MIK,43
MIL,63
MIM,29
MIN,64
MIP,61
MIQ,63
MIR,62
MIS,63
MIT,62
MIV,52
MIW,47
MIY,63
MKA,63
MKC,4
MKD,63
MKE,64
MKF,45
MKG,64
MKH,29
MKI,38
MKK,51
MKL,62
MKM,32
MKN,61
MKP,62
MKQ,64
MKR,64
MKS,61
MKT,63
MKV,51
MKW,31
MKY,58
MLA,64
MLC,1
MLD,64
MLE,63
MLF,57
MLG,64
MLH,37
MLI,44
MLK,48
MLL,62
MLM,40
MLN,64
MLP,63
MLQ,62
MLR,64
MLS,64
MLT,62
MLV,60
MLW,53
MLY,63
MMA,61
MMC,2
MMD,60
MME,58
MMF,25
MMG,64
MMH,14
MMI,24
MMK,25
MML,44
MMM,20
MMN,64
MMP,38
MMQ,42
MMR,55
MMS,57
MMT,60
MMV,45
MMW,23
MMY,44
MNA,59
MNC,1
MND,53
MNE,64
MNF,40
MNG,64
MNH,36
MNI,61
MNK,38
MNL,60
MNM,25
MNN,63
MNP,61
MNQ,64
MNR,64
MNS,64
MNT,64
MNV,45
MNW,41
MNY,64
MPA,64
MPC,1
MPD,64
MPE,64
MPF,52
MPG,64
MPH,44
MPI,43
MPK,50
MPL,64
MPM,38
MPN,63
MPP,64
MPQ,64
MPR,64
MPS,64
MPT,64
MPV,57
MPW,44
MPY,64
MQA,62
MQD,60
MQE,64
MQF,64
MQG,64
MQH,37
MQI,39
MQK,37
MQL,50
MQM,19
MQN,59
MQP,64
MQQ,61
MQR,63
MQS,62
MQT,60
MQV,54
MQW,27
MQY,64
MRA,64
MRC,11
MRD,64
MRE,64
MRF,55
MRG,64
MRH,60
MRI,62
MRK,62
MRL,64
MRM,47
MRN,64
MRP,64
MRQ,64
MRR,64
MRS,64
MRT,64
MRV,64
MRW,56
MRY,64
MSA,64
MSC,13
MSD,64
MSE,64
MSF,60
MSG,64
MSH,60
MSI,60
MSK,58
MSL,64
MSM,43
MSN,64
MSP,64
MSQ,64
MSR,64
MSS,64
MST,64
MSV,64
MSW,61
MSY,64
MTA,64
MTC,5
MTD,64
MTE,64
MTF,55
MTG,64
MTH,60
MTI,61
MTK,60
MTL,64
MTM,44
MTN,64
MTP,64
MTQ,64
MTR,64
MTS,64
MTT,64
MTV,64
MTW,57
MTY,64
MVA,64
MVC,5
MVD,64
MVE,64
MVF,60
MVG,64
MVH,53
MVI,53
MVK,58
MVL,64
MVM,47
MVN,64
MVP,64
MVQ,64
MVR,64
MVS,64
MVT,64
MVV,64
MVW,55
MVY,64
MWA,62
MWC,2
MWD,63
MWE,63
MWF,25
MWG,64
MWH,26
MWI,27
MWK,31
MWL,52
MWM,23
MWN,59
MWP,47
MWQ,61
MWR,59
MWS,59
MWT,64
MWV,57
MWW,24
MWY,51
MYA,50
MYC,1
MYD,49
MYE,64
MYF,23
MYG,64
MYH,27
MYI,40
MYK,22
MYL,54
MYM,19
MYN,64
MYP,49
MYQ,64
MYR,64
MYS,64
MYT,63
MYV,33
MYW,21
MYY,62
NAA,64
NAC,8
NAD,64
NAE,64
NAF,64
NAG,64
NAH,61
NAI,63
NAK,63
NAL,64
NAM,46
NAN,64
NAP,64
NAQ,64
NAR,64
NAS,63
NAT,64
NAV,64
NAW,59
NAY,64
NCA,17
NCC,5
NCD,11
NCE,36
NCF,18
NCG,42
NCH,8
NCI,9
NCK,9
NCL,21
NCM,1
NCN,21
NCP,25
NCQ,13
NCR,30
NCS,31
NCT,35
NCV,14
NCW,8
NCY,25
NDA,63
NDC,5
NDD,62
NDE,64
NDF,60
NDG,64
NDH,54
NDI,63
NDK,59
NDL,64
NDM,50
NDN,64
NDP,64
NDQ,64
NDR,64
NDS,64
NDT,62
NDV,56
NDW,60
NDY,64
NEA,64
NEC,7
NED,64
NEE,64
NEF,56
NEG,64
NEH,58
NEI,61
NEK,64
NEL,64
NEM,51
NEN,64
NEP,63
NEQ,64
NER,64
NES,61
NET,62
NEV,63
NEW,59
NEY,64
NFA,64
NFC,9
NFD,63
NFE,63
NFF,58
NFG,64
NFH,55
NFI,59
NFK,55
NFL,64
NFM,56
NFN,64
NFP,64
NFQ,64
NFR,64
NFS,64
NFT,57
NFV,64
NFW,59
NFY,64
NGA,64
NGC,28
NGD,64
NGE,64
NGF,64
NGG,64
NGH,64
NGI,64
NGK,64
NGL,64
NGM,64
NGN,64
NGP,64
NGQ,64
NGR,64
NGS,64
NGT,64
NGV,64
NGW,64
NGY,64
NHA,60
NHC,7
NHD,61
NHE,64
NHF,47
NHG,64
NHH,50
NHI,55
NHK,52
NHL,64
NHM,34
NHN,64
NHP,64
NHQ,64
NHR,64
NHS,62
NHT,56
NHV,58
NHW,51
NHY,64
NIA,64
NIC,9
NID,64
NIE,64
NIF,58
NIG,64
NIH,60
NII,60
NIK,58
NIL,64
NIM,58
NIN,64
NIP,64
NIQ,64
NIR,64
NIS,58
NIT,54
NIV,62
NIW,55
NIY,64
NKA,63
NKC,6
NKD,64
NKE,64
NKF,58
NKG,64
NKH,49
NKI,62
NKK,61
NKL,64
NKM,47
NKN,64
NKP,63
NKQ,64
NKR,64
NKS,61
NKT,63
NKV,60
NKW,52
NKY,64
NLA,64
NLC,23
NLD,64
NLE,64
NLF,64
NLG,64
NLH,64
NLI,63
NLK,63
NLL,64
NLM,64
NLN,64
NLP,64
NLQ,64
NLR,64
NLS,64
NLT,64
NLV,64
NLW,64
NLY,64
NMA,64
NMC,1
NMD,64
NME,60
NMF,34
NMG,64
NMH,25
NMI,44
NMK,42
NML,53
NMM,29
NMN,64
NMP,54
NMQ,47
NMR,63
NMS,40
NMT,42
NMV,56
NMW,33
NMY,54
NNA,64
NNC,7
NND,61
NNE,64
NNF,53
NNG,64
NNH,57
NNI,64
NNK,58
NNL,64
NNM,45
NNN,64
NNP,64
NNQ,64
NNR,64
NNS,64
NNT,64
NNV,62
NNW,54
NNY,64
NPA,64
NPC,24
NPD,64
NPE,64
NPF,64
NPG,64
NPH,64
NPI,63
NPK,64
NPL,64
NPM,62
NPN,64
NPP,64
NPQ,64
NPR,64
NPS,64
NPT,64
NPV,64
NPW,64
NPY,64
NQA,64
NQC,8
NQD,64
NQE,64
NQF,63
NQG,64
NQH,60
NQI,62
NQK,63
NQL,64
NQM,56
NQN,64
NQP,64
NQQ,64
NQR,64
NQS,62
NQT,60
NQV,64
NQW,61
NQY,64
NRA,64
NRC,23
NRD,64
NRE,64
NRF,64
NRG,64
NRH,64
NRI,64
NRK,64
NRL,64
NRM,64
NRN,64
NRP,64
NRQ,64
NRR,64
NRS,64
NRT,64
NRV,64
NRW,64
NRY,64
NSA,64
NSC,20
NSD,64
NSE,64
NSF,64
NSG,64
NSH,64
NSI,64
NSK,64
NSL,64
NSM,62
NSN,64
NSP,64
NSQ,64
NSR,64
NSS,64
NST,64
NSV,64
NSW,64
NSY,64
NTA,64
NTC,9
NTD,64
NTE,64
NTF,64
NTG,64
NTH,62
NTI,64
NTK,64
NTL,64
NTM,62
NTN,64
NTP,64
NTQ,64
NTR,64
NTS,64
NTT,63
NTV,64
NTW,63
NTY,64
NVA,64
NVC,11
NVD,64
NVE,64
NVF,60
NVG,64
NVH,56
NVI,61
NVK,58
NVL,64
NVM,49
NVN,64
NVP,63
NVQ,64
NVR,64
NVS,59
NVT,58
NVV,64
NVW,61
NVY,64
NWA,64
NWC,2
NWD,64
NWE,64
NWF,46
NWG,64
NWH,41
NWI,50
NWK,55
NWL,60
NWM,38
NWN,64
NWP,62
NWQ,64
NWR,63
NWS,62
NWT,62
NWV,62
NWW,50
NWY,58
NYA,64
NYC,11
NYD,62
NYE,64
NYF,53
NYG,64
NYH,58
NYI,50
NYK,55
NYL,63
NYM,51
NYN,64
NYP,64
NYQ,64
NYR,64
NYS,64
NYT,64
NYV,61
NYW,55
NYY,64
PAA,64
PAC,36
PAD,64
PAE,64
PAF,64
PAG,64
PAH,64
PAI,64
PAK,64
PAL,64
PAM,64
PAN,64
PAP,64
PAQ,64
PAR,64
PAS,64
PAT,64
PAV,64
PAW,64
PAY,64
PCA,37
PCC,26
PCD,25
PCE,52
PCF,23
PCG,60
PCH,20
PCI,20
PCK,15
PCL,37
PCM,5
PCN,43
PCP,48
PCQ,36
PCR,55
PCS,55
PCT,60
PCV,22
PCW,23
PCY,48
PDA,64
PDC,36
PDD,64
PDE,64
PDF,64
PDG,64
PDH,64
PDI,64
PDK,64
PDL,64
PDM,64
PDN,64
PDP,64
PDQ,64
PDR,64
PDS,64
PDT,64
PDV,64
PDW,64
PDY,64
PEA,64
PEC,31
PED,64
PEE,64
PEF,64
PEG,64
PEH,64
PEI,64
PEK,64
PEL,64
PEM,64
PEN,64
PEP,64
PEQ,64
PER,64
PES,64
PET,64
PEV,64
PEW,64
PEY,64
PFA,64
PFC,30
PFD,64
PFE,64
PFF,64
PFG,64
PFH,63
PFI,64
PFK,64
PFL,64
PFM,62
PFN,64
PFP,64
PFQ,64
PFR,64
PFS,64
PFT,64
PFV,64
PFW,64
PFY,64
PGA,64
PGC,60
PGD,64
PGE,64
PGF,64
PGG,64
PGH,64
PGI,64
PGK,64
PGL,64
PGM,64
PGN,64
PGP,64
PGQ,64
PGR,64
PGS,64
PGT,64
PGV,64
PGW,64
PGY,64
PHA,64
PHC,22
PHD,64
PHE,64
PHF,64
PHG,64
PHH,64
PHI,64
PHK,64
PHL,64
PHM,60
PHN,64
PHP,64
PHQ,64
PHR,64
PHS,64
PHT,64
PHV,64
PHW,64
PHY,64
PIA,64
PIC,32
PID,64
PIE,64
PIF,64
PIG,64
PIH,64
PII,64
PIK,64
PIL,64
PIM,64
PIN,64
PIP,64
PIQ,64
PIR,64
PIS,64
PIT,64
PIV,64
PIW,64
PIY,64
PKA,64
PKC,23
PKD,64
PKE,64
PKF,64
PKG,64
PKH,64
PKI,64
PKK,64
PKL,64
PKM,62
PKN,64
PKP,64
PKQ,64
PKR,64
PKS,64
PKT,64
PKV,64
PKW,64
PKY,64
PLA,64
PLC,55
PLD,64
PLE,64
PLF,64
PLG,64
PLH,64
PLI,64
PLK,64
PLL,64
PLM,64
PLN,64
PLP,64
PLQ,64
PLR,64
PLS,64
PLT,64
PLV,64
PLW,64
PLY,64
PMA,64
PMC,8
PMD,64
PME,64
PMF,58
PMG,64
PMH,49
PMI,62
PMK,61
PML,64
PMM,58
PMN,64
PMP,64
PMQ,63
PMR,64
PMS,64
PMT,64
PMV,64
PMW,63
PMY,64
PNA,64
PNC,29
PND,64
PNE,64
PNF,64
PNG,64
PNH,64
PNI,64
PNK,64
PNL,64
PNM,63
PNN,64
PNP,64
PNQ,64
PNR,64
PNS,64
PNT,64
PNV,64
PNW,64
PNY,64
PPA,64
PPC,52
PPD,64
PPE,64
PPF,64
PPG,64
PPH,64
PPI,64
PPK,64
PPL,64
PPM,64
PPN,64
PPP,64
PPQ,64
PPR,64
PPS,64
PPT,64
PPV,64
PPW,64
PPY,64
PQA,64
PQC,27
PQD,64
PQE,64
PQF,64
PQG,64
PQH,64
PQI,64
PQK,64
PQL,64
PQM,64
PQN,64
PQP,64
PQQ,64
PQR,64
PQS,64
PQT,64
PQV,64
PQW,64
PQY,64
PRA,64
PRC,53
PRD,64
PRE,64
PRF,64
PRG,64
PRH,64
PRI,64
PRK,64
PRL,64
PRM,64
PRN,64
PRP,64
PRQ,64
PRR,64
PRS,64
PRT,64
PRV,64
PRW,64
PRY,64
PSA,64
PSC,46
PSD,64
PSE,64
PSF,64
PSG,64
PSH,64
PSI,64
PSK,64
PSL,64
PSM,64
PSN,64
PSP,64
PSQ,64
PSR,64
PSS,64
PST,64
PSV,64
PSW,64
PSY,64
PTA,64
PTC,35
PTD,64
PTE,64
PTF,64
PTG,64
PTH,64
PTI,64
PTK,64
PTL,64
PTM,64
PTN,64
PTP,64
PTQ,64
PTR,64
PTS,64
PTT,64
PTV,64
PTW,64
PTY,64
PVA,64
PVC,39
PVD,64
PVE,64
PVF,64
PVG,64
PVH,64
PVI,64
PVK,64
PVL,64
PVM,64
PVN,64
PVP,64
PVQ,64
PVR,64
PVS,64
PVT,64
PVV,64
PVW,64
PVY,64
PWA,64
PWC,19
PWD,64
PWE,64
PWF,62
PWG,64
PWH,59
PWI,63
PWK,64
PWL,64
PWM,59
PWN,64
PWP,64
PWQ,64
PWR,64
PWS,64
PWT,64
PWV,64
PWW,56
PWY,63
PYA,64
PYC,23
PYD,64
PYE,64
PYF,64
PYG,64
PYH,63
PYI,63
PYK,64
PYL,64
PYM,62
PYN,64
PYP,64
PYQ,64
PYR,64
PYS,64
PYT,64
PYV,64
PYW,61
PYY,64
QAA,64
QAC,39
QAD,64
QAE,64
QAF,64
QAG,64
QAH,64
QAI,64
QAK,64
QAL,64
QAM,64
QAN,64
QAP,64
QAQ,64
QAR,64
QAS,64
QAT,64
QAV,64
QAW,64
QAY,64
QCA,15
QCC,15
QCD,14
QCE,38
QCF,16
QCG,41
QCH,13
QCI,14
QCK,9
QCL,27
QCM,4
QCN,26
QCP,36
QCQ,20
QCR,41
QCS,36
QCT,33
QCV,17
QCW,7
QCY,24
QDA,64
QDC,56
QDD,64
QDE,64
QDF,64
QDG,64
QDH,64
QDI,64
QDK,64
QDL,64
QDM,64
QDN,64
QDP,64
QDQ,64
QDR,64
QDS,64
QDT,64
QDV,64
QDW,64
QDY,64
QEA,64
QEC,38
QED,64
QEE,64
QEF,64
QEG,64
QEH,64
QEI,64
QEK,64
QEL,64
QEM,64
QEN,64
QEP,64
QEQ,64
QER,64
QES,64
QET,64
QEV,64
QEW,64
QEY,64
QFA,64
QFC,18
QFD,64
QFE,64
QFF,64
QFG,64
QFH,63
QFI,62
QFK,62
QFL,64
QFM,64
QFN,64
QFP,64
QFQ,64
QFR,64
QFS,64
QFT,64
QFV,64
QFW,58
QFY,64
QGA,64
QGC,64
QGD,64
QGE,64
QGF,64
QGG,64
QGH,64
QGI,64
QGK,64
QGL,64
QGM,64
QGN,64
QGP,64
QGQ,64
QGR,64
QGS,64
QGT,64
QGV,64
QGW,64
QGY,64
QHA,63
QHC,5
QHD,62
QHE,64
QHF,60
QHG,64
QHH,54
QHI,55
QHK,55
QHL,64
QHM,56
QHN,64
QHP,64
QHQ,64
QHR,64
QHS,64
QHT,64
QHV,60
QHW,48
QHY,64
QIA,64
QIC,10
QID,64
QIE,64
QIF,63
QIG,64
QIH,63
QII,64
QIK,63
QIL,64
QIM,63
QIN,64
QIP,64
QIQ,64
QIR,64
QIS,64
QIT,64
QIV,64
QIW,62
QIY,64
QKA,64
QKC,14
QKD,64
QKE,64
QKF,64
QKG,64
QKH,60
QKI,63
QKK,64
QKL,64
QKM,61
QKN,64
QKP,64
QKQ,64
QKR,64
QKS,64
QKT,64
QKV,64
QKW,63
QKY,64
QLA,64
QLC,28
QLD,64
QLE,64
QLF,64
QLG,64
QLH,63
QLI,64
QLK,64
QLL,64
QLM,64
QLN,64
QLP,64
QLQ,64
QLR,64
QLS,64
QLT,64
QLV,64
QLW,64
QLY,64
QMA,64
QMC,5
QMD,64
QME,64
QMF,49
QMG,64
QMH,41
QMI,59
QMK,50
QML,63
QMM,52
QMN,64
QMP,60
QMQ,62
QMR,63
QMS,64
QMT,64
QMV,62
QMW,54
QMY,63
QNA,64
QNC,9
QND,64
QNE,64
QNF,64
QNG,64
QNH,63
QNI,64
QNK,63
QNL,64
QNM,61
QNN,64
QNP,64
QNQ,64
QNR,64
QNS,64
QNT,64
QNV,64
QNW,59
QNY,64
QPA,64
QPC,24
QPD,64
QPE,64
QPF,64
QPG,64
QPH,64
QPI,64
QPK,64
QPL,64
QPM,64
QPN,64
QPP,64
QPQ,64
QPR,64
QPS,64
QPT,64
QPV,64
QPW,64
QPY,64
QQA,64
QQC,8
QQD,64
QQE,64
QQF,64
QQG,64
QQH,64
QQI,64
QQK,63
QQL,64
QQM,61
QQN,64
QQP,64
QQQ,64
QQR,64
QQS,64
QQT,64
QQV,64
QQW,61
QQY,64
QRA,64
QRC,24
QRD,64
QRE,64
QRF,64
QRG,64
QRH,64
QRI,64
QRK,64
QRL,64
QRM,64
QRN,64
QRP,64
QRQ,64
QRR,64
QRS,64
QRT,64
QRV,64
QRW,64
QRY,64
QSA,64
QSC,52
QSD,64
QSE,64
QSF,64
QSG,64
QSH,64
QSI,64
QSK,64
QSL,64
QSM,64
QSN,64
QSP,64
QSQ,64
QSR,64
QSS,64
QST,64
QSV,64
QSW,64
QSY,64
QTA,64
QTC,18
QTD,64
QTE,64
QTF,64
QTG,64
QTH,64
QTI,64
QTK,64
QTL,64
QTM,64
QTN,64
QTP,64
QTQ,64
QTR,64
QTS,64
QTT,64
QTV,64
QTW,64
QTY,64
QVA,64
QVC,50
QVD,64
QVE,64
QVF,64
QVG,64
QVH,64
QVI,64
QVK,64
QVL,64
QVM,64
QVN,64
QVP,64
QVQ,64
QVR,64
QVS,64
QVT,64
QVV,64
QVW,64
QVY,64
QWA,64
QWC,10
QWD,64
QWE,64
QWF,55
QWG,64
QWH,46
QWI,57
QWK,61
QWL,63
QWM,48
QWN,64
QWP,62
QWQ,64
QWR,64
QWS,64
QWT,64
QWV,64
QWW,50
QWY,62
QYA,63
QYC,8
QYD,64
QYE,64
QYF,63
QYG,64
QYH,60
QYI,62
QYK,63
QYL,64
QYM,58
QYN,64
QYP,64
QYQ,64
QYR,64
QYS,64
QYT,64
QYV,63
QYW,58
QYY,64
RAA,64
RAC,58
RAD,64
RAE,64
RAF,64
RAG,64
RAH,64
RAI,64
RAK,64
RAL,64
RAM,64
RAN,64
RAP,64
RAQ,64
RAR,64
RAS,64
RAT,64
RAV,64
RAW,64
RAY,64
RCA,37
RCC,29
RCD,38
RCE,62
RCF,30
RCG,64
RCH,28
RCI,31
RCK,19
RCL,55
RCM,10
RCN,58
RCP,47
RCQ,50
RCR,57
RCS,56
RCT,59
RCV,33
RCW,34
RCY,57
RDA,64
RDC,59
RDD,64
RDE,64
RDF,64
RDG,64
RDH,64
RDI,64
RDK,64
RDL,64
RDM,64
RDN,64
RDP,64
RDQ,64
RDR,64
RDS,64
RDT,64
RDV,64
RDW,64
RDY,64
REA,64
REC,57
RED,64
REE,64
REF,64
REG,64
REH,64
REI,64
REK,64
REL,64
REM,64
REN,64
REP,64
REQ,64
RER,64
RES,64
RET,64
REV,64
REW,64
REY,64
RFA,64
RFC,40
RFD,64
RFE,64
RFF,64
RFG,64
RFH,64
RFI,64
RFK,63
RFL,64
RFM,64
RFN,64
RFP,64
RFQ,64
RFR,64
RFS,64
RFT,64
RFV,64
RFW,64
RFY,64
RGA,64
RGC,64
RGD,64
RGE,64
RGF,64
RGG,64
RGH,64
RGI,64
RGK,64
RGL,64
RGM,64
RGN,64
RGP,64
RGQ,64
RGR,64
RGS,64
RGT,64
RGV,64
RGW,64
RGY,64
RHA,64
RHC,26
RHD,64
RHE,64
RHF,63
RHG,64
RHH,64
RHI,64
RHK,64
RHL,64
RHM,63
RHN,64
RHP,64
RHQ,64
RHR,64
RHS,64
RHT,64
RHV,64
RHW,62
RHY,64
RIA,64
RIC,41
RID,64
RIE,64
RIF,64
RIG,64
RIH,64
RII,64
RIK,64
RIL,64
RIM,63
RIN,64
RIP,64
RIQ,64
RIR,64
RIS,64
RIT,64
RIV,64
RIW,64
RIY,64
RKA,64
RKC,30
RKD,64
RKE,64
RKF,64
RKG,64
RKH,64
RKI,64
RKK,64
RKL,64
RKM,64
RKN,64
RKP,64
RKQ,64
RKR,64
RKS,64
RKT,64
RKV,64
RKW,64
RKY,64
RLA,64
RLC,53
RLD,64
RLE,64
RLF,64
RLG,64
RLH,64
RLI,64
RLK,64
RLL,64
RLM,64
RLN,64
RLP,64
RLQ,64
RLR,64
RLS,64
RLT,64
RLV,64
RLW,64
RLY,64
RMA,64
RMC,5
RMD,64
RME,64
RMF,63
RMG,64
RMH,60
RMI,63
RMK,62
RML,64
RMM,62
RMN,64
RMP,64
RMQ,63
RMR,64
RMS,64
RMT,64
RMV,64
RMW,62
RMY,64
RNA,64
RNC,26
RND,64
RNE,64
RNF,64
RNG,64
RNH,64
RNI,64
RNK,64
RNL,64
RNM,63
RNN,64
RNP,64
RNQ,64
RNR,64
RNS,64
RNT,64
RNV,64
RNW,63
RNY,64
RPA,64
RPC,51
RPD,64
RPE,64
RPF,64
RPG,64
RPH,64
RPI,64
RPK,64
RPL,64
RPM,64
RPN,64
RPP,64
RPQ,64
RPR,64
RPS,64
RPT,64
RPV,64
RPW,64
RPY,64
RQA,64
RQC,35
RQD,64
RQE,64
RQF,64
RQG,64
RQH,64
RQI,64
RQK,64
RQL,64
RQM,64
RQN,64
RQP,64
RQQ,64
RQR,64
RQS,64
RQT,64
RQV,64
RQW,64
RQY,64
RRA,64
RRC,58
RRD,64
RRE,64
RRF,64
RRG,64
RRH,64
RRI,64
RRK,64
RRL,64
RRM,64
RRN,64
RRP,64
RRQ,64
RRR,64
RRS,64
RRT,64
RRV,64
RRW,64
RRY,64
RSA,64
RSC,61
RSD,64
RSE,64
RSF,64
RSG,64
RSH,64
RSI,64
RSK,64
RSL,64
RSM,64
RSN,64
RSP,64
RSQ,64
RSR,64
RSS,64
RST,64
RSV,64
RSW,64
RSY,64
RTA,64
RTC,49
RTD,64
RTE,64
RTF,64
RTG,64
RTH,64
RTI,64
RTK,64
RTL,64
RTM,64
RTN,64
RTP,64
RTQ,64
RTR,64
RTS,64
RTT,64
RTV,64
RTW,64
RTY,64
RVA,64
RVC,58
RVD,64
RVE,64
RVF,64
RVG,64
RVH,64
RVI,64
RVK,64
RVL,64
RVM,64
RVN,64
RVP,64
RVQ,64
RVR,64
RVS,64
RVT,64
RVV,64
RVW,64
RVY,64
RWA,64
RWC,29
RWD,64
RWE,64
RWF,62
RWG,64
RWH,59
RWI,64
RWK,62
RWL,64
RWM,60
RWN,64
RWP,64
RWQ,64
RWR,64
RWS,64
RWT,64
RWV,64
RWW,62
RWY,64
RYA,64
RYC,20
RYD,64
RYE,64
RYF,64
RYG,64
RYH,64
RYI,64
RYK,63
RYL,64
RYM,62
RYN,64
RYP,64
RYQ,64
RYR,64
RYS,64
RYT,64
RYV,64
RYW,63
RYY,64
SAA,64
SAC,64
SAD,64
SAE,64
SAF,64
SAG,64
SAH,64
SAI,64
SAK,64
SAL,64
SAM,64
SAN,64
SAP,64
SAQ,64
SAR,64
SAS,64
SAT,64
SAV,64
SAW,64
SAY,64
SCA,62
SCC,45
SCD,63
SCE,64
SCF,62
SCG,64
SCH,57
SCI,58
SCK,60
SCL,64
SCM,48
SCN,60
SCP,64
SCQ,63
SCR,64
SCS,64
SCT,64
SCV,62
SCW,61
SCY,56
SDA,64
SDC,60
SDD,64
SDE,64
SDF,64
SDG,64
SDH,64
SDI,64
SDK,64
SDL,64
SDM,64
SDN,64
SDP,64
SDQ,64
SDR,64
SDS,64
SDT,64
SDV,64
SDW,64
SDY,64
SEA,64
SEC,59
SED,64
SEE,64
SEF,64
SEG,64
SEH,64
SEI,64
SEK,64
SEL,64
SEM,64
SEN,64
SEP,64
SEQ,64
SER,64
SES,64
SET,64
SEV,64
SEW,64
SEY,64
SFA,64
SFC,61
SFD,64
SFE,64
SFF,64
SFG,64
SFH,64
SFI,64
SFK,64
SFL,64
SFM,64
SFN,64
SFP,64
SFQ,64
SFR,64
SFS,64
SFT,64
SFV,64
SFW,64
SFY,64
SGA,64
SGC,64
SGD,64
SGE,64
SGF,64
SGG,64
SGH,64
SGI,64
SGK,64
SGL,64
SGM,64
SGN,64
SGP,64
SGQ,64
SGR,64
SGS,64
SGT,64
SGV,64
SGW,64
SGY,64
SHA,64
SHC,45
SHD,64
SHE,64
SHF,64
SHG,64
SHH,64
SHI,64
SHK,64
SHL,64
SHM,64
SHN,64
SHP,64
SHQ,64
SHR,64
SHS,64
SHT,64
SHV,64
SHW,64
SHY,64
SIA,64
SIC,52
SID,64
SIE,64
SIF,64
SIG,64
SIH,64
SII,64
SIK,64
SIL,64
SIM,64
SIN,64
SIP,64
SIQ,64
SIR,64
SIS,64
SIT,64
SIV,64
SIW,64
SIY,64
SKA,64
SKC,60
SKD,64
SKE,64
SKF,64
SKG,64
SKH,64
SKI,64
SKK,64
SKL,64
SKM,64
SKN,64
SKP,64
SKQ,64
SKR,64
SKS,64
SKT,64
SKV,64
SKW,64
SKY,64
SLA,64
SLC,64
SLD,64
SLE,64
SLF,64
SLG,64
SLH,64
SLI,64
SLK,64
SLL,64
SLM,64
SLN,64
SLP,64
SLQ,64
SLR,64
SLS,64
SLT,64
SLV,64
SLW,64
SLY,64
SMA,64
SMC,20
SMD,64
SME,64
SMF,64
SMG,64
SMH,64
SMI,64
SMK,64
SML,64
SMM,64
SMN,64
SMP,64
SMQ,64
SMR,64
SMS,64
SMT,64
SMV,64
SMW,64
SMY,64
SNA,64
SNC,49
SND,64
SNE,64
SNF,64
SNG,64
SNH,64
SNI,64
SNK,64
SNL,64
SNM,64
SNN,64
SNP,64
SNQ,64
SNR,64
SNS,64
SNT,64
SNV,64
SNW,64
SNY,64
SPA,64
SPC,64
SPD,64
SPE,64
SPF,64
SPG,64
SPH,64
SPI,64
SPK,64
SPL,64
SPM,64
SPN,64
SPP,64
SPQ,64
SPR,64
SPS,64
SPT,64
SPV,64
SPW,64
SPY,64
SQA,64
SQC,62
SQD,64
SQE,64
SQF,64
SQG,64
SQH,64
SQI,64
SQK,64
SQL,64
SQM,64
SQN,64
SQP,64
SQQ,64
SQR,64
SQS,64
SQT,64
SQV,64
SQW,64
SQY,64
SRA,64
SRC,64
SRD,64
SRE,64
SRF,64
SRG,64
SRH,64
SRI,64
SRK,64
SRL,64
SRM,64
SRN,64
SRP,64
SRQ,64
SRR,64
SRS,64
SRT,64
SRV,64
SRW,64
SRY,64
SSA,64
SSC,64
SSD,64
SSE,64
SSF,64
SSG,64
SSH,64
SSI,64
SSK,64
SSL,64
SSM,64
SSN,64
SSP,64
SSQ,64
SSR,64
SSS,64
SST,64
SSV,64
SSW,64
SSY,64
STA,64
STC,54
STD,64
STE,64
STF,64
STG,64
STH,64
STI,64
STK,64
STL,64
STM,64
STN,64
STP,64
STQ,64
STR,64
STS,64
STT,64
STV,64
STW,64
STY,64
SVA,64
SVC,63
SVD,64
SVE,64
SVF,64
SVG,64
SVH,64
SVI,64
SVK,64
SVL,64
SVM,64
SVN,64
SVP,64
SVQ,64
SVR,64
SVS,64
SVT,64
SVV,64
SVW,64
SVY,64
SWA,64
SWC,28
SWD,64
SWE,64
SWF,64
SWG,64
SWH,64
SWI,64
SWK,64
SWL,64
SWM,63
SWN,64
SWP,64
SWQ,64
SWR,64
SWS,64
SWT,64
SWV,64
SWW,64
SWY,64
SYA,64
SYC,55
SYD,64
SYE,64
SYF,64
SYG,64
SYH,64
SYI,64
SYK,64
SYL,64
SYM,64
SYN,64
SYP,64
SYQ,64
SYR,64
SYS,64
SYT,64
SYV,64
SYW,64
SYY,64
TAA,64
TAC,47
TAD,64
TAE,64
TAF,64
TAG,64
TAH,64
TAI,64
TAK,64
TAL,64
TAM,64
TAN,64
TAP,64
TAQ,64
TAR,64
TAS,64
TAT,64
TAV,64
TAW,64
TAY,64
TCA,28
TCC,20
TCD,36
TCE,47
TCF,19
TCG,56
TCH,15
TCI,21
TCK,15
TCL,47
TCM,12
TCN,32
TCP,56
TCQ,37
TCR,58
TCS,53
TCT,50
TCV,35
TCW,19
TCY,42
TDA,64
TDC,31
TDD,64
TDE,64
TDF,64
TDG,64
TDH,64
TDI,64
TDK,64
TDL,64
TDM,64
TDN,64
TDP,64
TDQ,64
TDR,64
TDS,64
TDT,64
TDV,64
TDW,64
TDY,64
TEA,64
TEC,22
TED,64
TEE,64
TEF,64
TEG,64
TEH,64
TEI,64
TEK,64
TEL,64
TEM,64
TEN,64
TEP,64
TEQ,64
TER,64
TES,64
TET,64
TEV,64
TEW,64
TEY,64
TFA,64
TFC,17
TFD,64
TFE,64
TFF,64
TFG,64
TFH,62
TFI,64
TFK,64
TFL,64
TFM,62
TFN,64
TFP,64
TFQ,64
TFR,64
TFS,64
TFT,64
TFV,64
TFW,64
TFY,64
TGA,64
TGC,62
TGD,64
TGE,64
TGF,64
TGG,64
TGH,64
TGI,64
TGK,64
TGL,64
TGM,64
TGN,64
TGP,64
TGQ,64
TGR,64
TGS,64
TGT,64
TGV,64
TGW,64
TGY,64
THA,64
THC,21
THD,64
THE,64
THF,63
THG,64
THH,64
THI,62
THK,62
THL,64
THM,62
THN,64
THP,64
THQ,64
THR,64
THS,64
THT,64
THV,60
THW,63
THY,64
TIA,64
TIC,27
TID,64
TIE,64
TIF,64
TIG,64
TIH,64
TII,64
TIK,64
TIL,64
TIM,63
TIN,64
TIP,64
TIQ,64
TIR,64
TIS,64
TIT,64
TIV,64
TIW,63
TIY,64
TKA,64
TKC,22
TKD,64
TKE,64
TKF,64
TKG,64
TKH,63
TKI,64
TKK,64
TKL,64
TKM,64
TKN,64
TKP,64
TKQ,64
TKR,64
TKS,64
TKT,64
TKV,64
TKW,64
TKY,64
TLA,64
TLC,40
TLD,64
TLE,64
TLF,64
TLG,64
TLH,64
TLI,64
TLK,64
TLL,64
TLM,64
TLN,64
TLP,64
TLQ,64
TLR,64
TLS,64
TLT,64
TLV,64
TLW,64
TLY,64
TMA,64
TMC,6
TMD,64
TME,64
TMF,58
TMG,64
TMH,47
TMI,60
TMK,59
TML,64
TMM,55
TMN,64
TMP,64
TMQ,63
TMR,64
TMS,64
TMT,64
TMV,63
TMW,55
TMY,62
TNA,64
TNC,23
TND,64
TNE,64
TNF,64
TNG,64
TNH,64
TNI,64
TNK,63
TNL,64
TNM,62
TNN,64
TNP,64
TNQ,64
TNR,64
TNS,64
TNT,64
TNV,64
TNW,64
TNY,64
TPA,64
TPC,49
TPD,64
TPE,64
TPF,64
TPG,64
TPH,64
TPI,64
TPK,64
TPL,64
TPM,64
TPN,64
TPP,64
TPQ,64
TPR,64
TPS,64
TPT,64
TPV,64
TPW,64
TPY,64
TQA,64
TQC,44
TQD,64
TQE,64
TQF,64
TQG,64
TQH,64
TQI,64
TQK,64
TQL,64
TQM,64
TQN,64
TQP,64
TQQ,64
TQR,64
TQS,64
TQT,64
TQV,64
TQW,64
TQY,64
TRA,64
TRC,50
TRD,64
TRE,64
TRF,64
TRG,64
TRH,64
TRI,64
TRK,64
TRL,64
TRM,64
TRN,64
TRP,64
TRQ,64
TRR,64
TRS,64
TRT,64
TRV,64
TRW,64
TRY,64
TSA,64
TSC,52
TSD,64
TSE,64
TSF,64
TSG,64
TSH,64
TSI,64
TSK,64
TSL,64
TSM,64
TSN,64
TSP,64
TSQ,64
TSR,64
TSS,64
TST,64
TSV,64
TSW,64
TSY,64
TTA,64
TTC,27
TTD,64
TTE,64
TTF,64
TTG,64
TTH,64
TTI,64
TTK,64
TTL,64
TTM,64
TTN,64
TTP,64
TTQ,64
TTR,64
TTS,64
TTT,64
TTV,64
TTW,64
TTY,64
TVA,64
TVC,38
TVD,64
TVE,64
TVF,64
TVG,64
TVH,64
TVI,64
TVK,64
TVL,64
TVM,64
TVN,64
TVP,64
TVQ,64
TVR,64
TVS,64
TVT,64
TVV,64
TVW,64
TVY,64
TWA,64
TWC,15
TWD,64
TWE,64
TWF,63
TWG,64
TWH,56
TWI,57
TWK,62
TWL,64
TWM,50
TWN,64
TWP,64
TWQ,64
TWR,64
TWS,64
TWT,64
TWV,64
TWW,52
TWY,64
TYA,64
TYC,20
TYD,64
TYE,64
TYF,63
TYG,64
TYH,64
TYI,64
TYK,64
TYL,64
TYM,63
TYN,64
TYP,64
TYQ,64
TYR,64
TYS,64
TYT,64
TYV,64
TYW,62
TYY,64
VAA,64
VAC,30
VAD,64
VAE,64
VAF,64
VAG,64
VAH,64
VAI,64
VAK,64
VAL,64
VAM,64
VAN,64
VAP,64
VAQ,64
VAR,64
VAS,64
VAT,64
VAV,64
VAW,64
VAY,64
VCA,29
VCC,20
VCD,36
VCE,58
VCF,33
VCG,62
VCH,26
VCI,25
VCK,22
VCL,47
VCM,9
VCN,53
VCP,50
VCQ,41
VCR,59
VCS,52
VCT,57
VCV,37
VCW,20
VCY,49
VDA,64
VDC,33
VDD,64
VDE,64
VDF,64
VDG,64
VDH,64
VDI,64
VDK,64
VDL,64
VDM,64
VDN,64
VDP,64
VDQ,64
VDR,64
VDS,64
VDT,64
VDV,64
VDW,64
VDY,64
VEA,64
VEC,38
VED,64
VEE,64
VEF,64
VEG,64
VEH,64
VEI,64
VEK,64
VEL,64
VEM,64
VEN,64
VEP,64
VEQ,64
VER,64
VES,64
VET,64
VEV,64
VEW,64
VEY,64
VFA,64
VFC,28
VFD,64
VFE,64
VFF,62
VFG,64
VFH,64
VFI,62
VFK,62
VFL,64
VFM,62
VFN,64
VFP,64
VFQ,64
VFR,64
VFS,64
VFT,64
VFV,64
VFW,64
VFY,64
VGA,64
VGC,51
VGD,64
VGE,64
VGF,64
VGG,64
VGH,64
VGI,64
VGK,64
VGL,64
VGM,64
VGN,64
VGP,64
VGQ,64
VGR,64
VGS,64
VGT,64
VGV,64
VGW,64
VGY,64
VHA,64
VHC,8
VHD,62
VHE,64
VHF,57
VHG,64
VHH,55
VHI,61
VHK,61
VHL,64
VHM,51
VHN,64
VHP,64
VHQ,64
VHR,64
VHS,64
VHT,64
VHV,62
VHW,47
VHY,64
VIA,64
VIC,28
VID,64
VIE,64
VIF,64
VIG,64
VIH,63
VII,62
VIK,64
VIL,64
VIM,61
VIN,64
VIP,64
VIQ,64
VIR,64
VIS,64
VIT,64
VIV,64
VIW,64
VIY,64
VKA,64
VKC,17
VKD,64
VKE,64
VKF,63
VKG,64
VKH,62
VKI,61
VKK,64
VKL,64
VKM,60
VKN,64
VKP,64
VKQ,64
VKR,64
VKS,64
VKT,64
VKV,64
VKW,62
VKY,63
VLA,64
VLC,42
VLD,64
VLE,64
VLF,64
VLG,64
VLH,64
VLI,64
VLK,64
VLL,64
VLM,64
VLN,64
VLP,64
VLQ,64
VLR,64
VLS,64
VLT,64
VLV,64
VLW,64
VLY,64
VMA,64
VMC,7
VMD,64
VME,64
VMF,58
VMG,64
VMH,54
VMI,56
VMK,55
VML,64
VMM,43
VMN,64
VMP,62
VMQ,62
VMR,63
VMS,64
VMT,64
VMV,63
VMW,54
VMY,64
VNA,64
VNC,11
VND,63
VNE,64
VNF,63
VNG,64
VNH,62
VNI,64
VNK,62
VNL,64
VNM,62
VNN,64
VNP,64
VNQ,64
VNR,64
VNS,64
VNT,64
VNV,64
VNW,63
VNY,64
VPA,64
VPC,32
VPD,64
VPE,64
VPF,64
VPG,64
VPH,64
VPI,64
VPK,64
VPL,64
VPM,64
VPN,64
VPP,64
VPQ,64
VPR,64
VPS,64
VPT,64
VPV,64
VPW,64
VPY,64
VQA,64
VQC,15
VQD,64
VQE,64
VQF,64
VQG,64
VQH,64
VQI,64
VQK,64
VQL,64
VQM,63
VQN,64
VQP,64
VQQ,64
VQR,64
VQS,64
VQT,64
VQV,64
VQW,64
VQY,64
VRA,64
VRC,48
VRD,64
VRE,64
VRF,64
VRG,64
VRH,64
VRI,64
VRK,64
VRL,64
VRM,64
VRN,64
VRP,64
VRQ,64
VRR,64
VRS,64
VRT,64
VRV,64
VRW,64
VRY,64
VSA,64
VSC,40
VSD,64
VSE,64
VSF,64
VSG,64
VSH,64
VSI,64
VSK,64
VSL,64
VSM,64
VSN,64
VSP,64
VSQ,64
VSR,64
VSS,64
VST,64
VSV,64
VSW,64
VSY,64
VTA,64
VTC,22
VTD,64
VTE,64
VTF,64
VTG,64
VTH,64
VTI,64
VTK,64
VTL,64
VTM,63
VTN,64
VTP,64
VTQ,64
VTR,64
VTS,64
VTT,64
VTV,64
VTW,64
VTY,64
VVA,64
VVC,42
VVD,64
VVE,64
VVF,64
VVG,64
VVH,64
VVI,64
VVK,64
VVL,64
VVM,63
VVN,64
VVP,64
VVQ,64
VVR,64
VVS,64
VVT,64
VVV,64
VVW,64
VVY,64
VWA,64
VWC,20
VWD,64
VWE,64
VWF,61
VWG,64
VWH,57
VWI,59
VWK,60
VWL,64
VWM,50
VWN,64
VWP,64
VWQ,64
VWR,64
VWS,64
VWT,64
VWV,63
VWW,56
VWY,63
VYA,64
VYC,18
VYD,64
VYE,64
VYF,63
VYG,64
VYH,63
VYI,63
VYK,62
VYL,64
VYM,57
VYN,64
VYP,64
VYQ,64
VYR,64
VYS,64
VYT,64
VYV,64
VYW,61
VYY,64
WAA,64
WAC,15
WAD,64
WAE,64
WAF,64
WAG,64
WAH,64
WAI,64
WAK,64
WAL,64
WAM,60
WAN,64
WAP,64
WAQ,64
WAR,64
WAS,64
WAT,64
WAV,64
WAW,63
WAY,64
WCA,19
WCC,11
WCD,14
WCE,35
WCF,11
WCG,38
WCH,10
WCI,6
WCK,12
WCL,28
WCM,6
WCN,18
WCP,42
WCQ,31
WCR,42
WCS,30
WCT,32
WCV,20
WCW,13
WCY,29
WDA,64
WDC,19
WDD,64
WDE,64
WDF,64
WDG,64
WDH,64
WDI,64
WDK,64
WDL,64
WDM,63
WDN,64
WDP,64
WDQ,64
WDR,64
WDS,64
WDT,64
WDV,64
WDW,63
WDY,64
WEA,64
WEC,13
WED,64
WEE,64
WEF,64
WEG,64
WEH,62
WEI,62
WEK,64
WEL,64
WEM,57
WEN,64
WEP,63
WEQ,64
WER,64
WES,64
WET,64
WEV,64
WEW,60
WEY,64
WFA,58
WFC,12
WFD,58
WFE,62
WFF,34
WFG,64
WFH,37
WFI,30
WFK,31
WFL,61
WFM,27
WFN,62
WFP,58
WFQ,57
WFR,62
WFS,63
WFT,63
WFV,47
WFW,34
WFY,62
WGA,64
WGC,41
WGD,64
WGE,64
WGF,64
WGG,64
WGH,64
WGI,64
WGK,64
WGL,64
WGM,64
WGN,64
WGP,64
WGQ,64
WGR,64
WGS,64
WGT,64
WGV,64
WGW,64
WGY,64
WHA,41
WHC,2
WHD,44
WHE,64
WHF,28
WHG,63
WHH,52
WHI,34
WHK,25
WHL,57
WHM,15
WHN,59
WHP,55
WHQ,58
WHR,62
WHS,61
WHT,64
WHV,27
WHW,13
WHY,59
WIA,64
WIC,10
WID,64
WIE,64
WIF,50
WIG,64
WIH,51
WII,49
WIK,60
WIL,64
WIM,43
WIN,63
WIP,64
WIQ,64
WIR,64
WIS,64
WIT,64
WIV,60
WIW,51
WIY,63
WKA,64
WKC,5
WKD,64
WKE,64
WKF,58
WKG,64
WKH,47
WKI,60
WKK,62
WKL,64
WKM,49
WKN,64
WKP,64
WKQ,64
WKR,64
WKS,64
WKT,64
WKV,64
WKW,58
WKY,61
WLA,64
WLC,13
WLD,64
WLE,64
WLF,62
WLG,64
WLH,61
WLI,54
WLK,58
WLL,61
WLM,44
WLN,64
WLP,63
WLQ,64
WLR,64
WLS,64
WLT,64
WLV,64
WLW,51
WLY,64
WMA,63
WMC,1
WMD,61
WME,61
WMF,44
WMG,64
WMH,19
WMI,42
WMK,48
WML,55
WMM,21
WMN,63
WMP,56
WMQ,54
WMR,62
WMS,61
WMT,62
WMV,58
WMW,43
WMY,45
WNA,64
WNC,8
WND,62
WNE,64
WNF,60
WNG,64
WNH,55
WNI,64
WNK,61
WNL,63
WNM,52
WNN,64
WNP,64
WNQ,64
WNR,64
WNS,64
WNT,64
WNV,61
WNW,56
WNY,64
WPA,64
WPC,9
WPD,64
WPE,64
WPF,58
WPG,64
WPH,54
WPI,61
WPK,59
WPL,63
WPM,49
WPN,64
WPP,64
WPQ,64
WPR,64
WPS,64
WPT,64
WPV,61
WPW,46
WPY,64
WQA,64
WQC,8
WQD,64
WQE,64
WQF,64
WQG,64
WQH,51
WQI,61
WQK,64
WQL,64
WQM,49
WQN,64
WQP,64
WQQ,64
WQR,64
WQS,64
WQT,64
WQV,64
WQW,38
WQY,64
WRA,64
WRC,24
WRD,64
WRE,64
WRF,63
WRG,64
WRH,63
WRI,64
WRK,63
WRL,64
WRM,62
WRN,64
WRP,64
WRQ,64
WRR,64
WRS,64
WRT,64
WRV,64
WRW,64
WRY,64
WSA,64
WSC,21
WSD,64
WSE,64
WSF,64
WSG,64
WSH,64
WSI,64
WSK,64
WSL,64
WSM,64
WSN,64
WSP,64
WSQ,64
WSR,64
WSS,64
WST,64
WSV,64
WSW,64
WSY,64
WTA,64
WTC,19
WTD,64
WTE,64
WTF,64
WTG,64
WTH,64
WTI,64
WTK,64
WTL,64
WTM,60
WTN,64
WTP,64
WTQ,64
WTR,64
WTS,64
WTT,64
WTV,64
WTW,62
WTY,64
WVA,64
WVC,19
WVD,64
WVE,64
WVF,62
WVG,64
WVH,59
WVI,57
WVK,63
WVL,64
WVM,58
WVN,64
WVP,64
WVQ,64
WVR,64
WVS,64
WVT,64
WVV,64
WVW,62
WVY,64
WWA,62
WWC,5
WWD,64
WWE,64
WWF,36
WWG,64
WWH,15
WWI,34
WWK,35
WWL,48
WWM,16
WWN,59
WWP,50
WWQ,61
WWR,60
WWS,61
WWT,64
WWV,52
WWW,21
WWY,51
WYA,56
WYC,4
WYD,57
WYE,64
WYF,27
WYG,64
WYH,31
WYI,41
WYK,40
WYL,53
WYM,26
WYN,64
WYP,55
WYQ,64
WYR,64
WYS,63
WYT,64
WYV,43
WYW,30
WYY,58
YAA,64
YAC,8
YAD,64
YAE,64
YAF,64
YAG,64
YAH,60
YAI,64
YAK,62
YAL,64
YAM,58
YAN,64
YAP,64
YAQ,64
YAR,64
YAS,64
YAT,64
YAV,64
YAW,63
YAY,64
YCA,8
YCC,11
YCD,14
YCE,30
YCF,9
YCG,38
YCH,3
YCI,10
YCK,5
YCL,21
YCM,4
YCN,26
YCP,26
YCQ,15
YCR,27
YCS,32
YCT,27
YCV,12
YCW,14
YCY,25
YDA,64
YDC,3
YDD,61
YDE,64
YDF,62
YDG,64
YDH,64
YDI,64
YDK,62
YDL,64
YDM,58
YDN,64
YDP,64
YDQ,64
YDR,64
YDS,64
YDT,64
YDV,64
YDW,63
YDY,64
YEA,64
YEC,3
YED,63
YEE,64
YEF,61
YEG,64
YEH,58
YEI,61
YEK,64
YEL,64
YEM,48
YEN,64
YEP,64
YEQ,64
YER,64
YES,64
YET,64
YEV,64
YEW,61
YEY,64
YFA,64
YFC,19
YFD,63
YFE,64
YFF,59
YFG,64
YFH,58
YFI,59
YFK,59
YFL,64
YFM,53
YFN,63
YFP,64
YFQ,64
YFR,64
YFS,64
YFT,64
YFV,61
YFW,57
YFY,63
YGA,64
YGC,48
YGD,64
YGE,64
YGF,64
YGG,64
YGH,64
YGI,64
YGK,64
YGL,64
YGM,64
YGN,64
YGP,64
YGQ,64
YGR,64
YGS,64
YGT,64
YGV,64
YGW,64
YGY,64
YHA,59
YHC,8
YHD,61
YHE,64
YHF,49
YHG,64
YHH,45
YHI,51
YHK,48
YHL,62
YHM,31
YHN,64
YHP,64
YHQ,64
YHR,64
YHS,64
YHT,64
YHV,57
YHW,40
YHY,64
YIA,64
YIC,5
YID,64
YIE,64
YIF,52
YIG,64
YIH,57
YII,57
YIK,51
YIL,64
YIM,46
YIN,64
YIP,64
YIQ,64
YIR,64
YIS,64
YIT,64
YIV,63
YIW,57
YIY,64
YKA,64
YKC,2
YKD,63
YKE,64
YKF,54
YKG,64
YKH,46
YKI,57
YKK,60
YKL,64
YKM,45
YKN,64
YKP,64
YKQ,64
YKR,64
YKS,64
YKT,64
YKV,63
YKW,54
YKY,62
YLA,64
YLC,20
YLD,64
YLE,64
YLF,63
YLG,64
YLH,64
YLI,64
YLK,64
YLL,64
YLM,62
YLN,64
YLP,64
YLQ,64
YLR,64
YLS,64
YLT,64
YLV,64
YLW,64
YLY,64
YMA,63
YMD,62
YME,63
YMF,29
YMG,64
YMH,18
YMI,40
YMK,35
YML,52
YMM,29
YMN,64
YMP,53
YMQ,53
YMR,63
YMS,63
YMT,63
YMV,60
YMW,36
YMY,52
YNA,64
YNC,7
YND,62
YNE,64
YNF,57
YNG,64
YNH,54
YNI,62
YNK,59
YNL,64
YNM,46
YNN,64
YNP,64
YNQ,64
YNR,64
YNS,64
YNT,64
YNV,63
YNW,54
YNY,64
YPA,64
YPC,17
YPD,64
YPE,64
YPF,63
YPG,64
YPH,64
YPI,64
YPK,63
YPL,64
YPM,63
YPN,64
YPP,64
YPQ,64
YPR,64
YPS,64
YPT,64
YPV,64
YPW,64
YPY,64
YQA,64
YQC,6
YQD,64
YQE,64
YQF,62
YQG,64
YQH,60
YQI,61
YQK,61
YQL,64
YQM,55
YQN,64
YQP,64
YQQ,64
YQR,64
YQS,64
YQT,64
YQV,64
YQW,53
YQY,64
YRA,64
YRC,28
YRD,64
YRE,64
YRF,64
YRG,64
YRH,64
YRI,64
YRK,64
YRL,64
YRM,64
YRN,64
YRP,64
YRQ,64
YRR,64
YRS,64
YRT,64
YRV,64
YRW,64
YRY,64
YSA,64
YSC,33
YSD,64
YSE,64
YSF,64
YSG,64
YSH,64
YSI,64
YSK,64
YSL,64
YSM,64
YSN,64
YSP,64
YSQ,64
YSR,64
YSS,64
YST,64
YSV,64
YSW,64
YSY,64
YTA,64
YTC,6
YTD,64
YTE,64
YTF,61
YTG,64
YTH,64
YTI,64
YTK,64
YTL,64
YTM,62
YTN,64
YTP,64
YTQ,64
YTR,64
YTS,64
YTT,64
YTV,64
YTW,62
YTY,64
YVA,64
YVC,19
YVD,64
YVE,64
YVF,58
YVG,64
YVH,58
YVI,61
YVK,63
YVL,64
YVM,46
YVN,64
YVP,64
YVQ,64
YVR,64
YVS,64
YVT,64
YVV,64
YVW,59
YVY,64
YWA,64
YWC,4
YWD,64
YWE,64
YWF,45
YWG,64
YWH,30
YWI,46
YWK,51
YWL,61
YWM,34
YWN,63
YWP,63
YWQ,64
YWR,64
YWS,64
YWT,64
YWV,60
YWW,36
YWY,53
YYA,63
YYC,7
YYD,62
YYE,64
YYF,56
YYG,64
YYH,51
YYI,58
YYK,52
YYL,64
YYM,48
YYN,64
YYP,64
YYQ,64
YYR,64
YYS,64
YYT,64
YYV,59
YYW,55
YYY,64
